customer_id,customer_segment
CUST00001,Enterprise
CUST00002,Budget
CUST00003,Enterprise
CUST00004,Budget
CUST00005,Regular
CUST00006,Enterprise
CUST00007,Premium
CUST00008,Regular
CUST00009,Premium
CUST00010,Regular
CUST00011,Regular
CUST00012,Regular
CUST00013,Budget
CUST00014,Regular
CUST00015,Regular
CUST00016,Regular
CUST00017,Premium
CUST00018,Budget
CUST00019,Premium
CUST00020,Enterprise
CUST00021,Budget
CUST00022,Regular
CUST00023,Premium
CUST00024,Budget
CUST00025,Budget
CUST00026,Budget
CUST00027,Budget
CUST00028,Premium
CUST00029,Regular
CUST00030,Premium
CUST00031,Budget
CUST00032,Regular
CUST00033,Regular
CUST00034,Premium
CUST00035,Regular
CUST00036,Regular
CUST00037,Budget
CUST00038,Regular
CUST00039,Budget
CUST00040,Regular
CUST00041,Premium
CUST00042,Budget
CUST00043,Budget
CUST00044,Regular
CUST00045,Budget
CUST00046,Regular
CUST00047,Regular
CUST00048,Regular
CUST00049,Premium
CUST00050,Premium
CUST00051,Premium
CUST00052,Regular
CUST00053,Regular
CUST00054,Regular
CUST00055,Enterprise
CUST00056,Regular
CUST00057,Regular
CUST00058,Budget
CUST00059,Regular
CUST00060,Premium
CUST00061,Regular
CUST00062,Regular
CUST00063,Enterprise
CUST00064,Budget
CUST00065,Regular
CUST00066,Budget
CUST00067,Budget
CUST00068,Regular
CUST00069,Budget
CUST00070,Regular
CUST00071,Budget
CUST00072,Budget
CUST00073,Regular
CUST00074,Premium
CUST00075,Regular
CUST00076,Regular
CUST00077,Budget
CUST00078,Budget
CUST00079,Premium
CUST00080,Regular
CUST00081,Regular
CUST00082,Regular
CUST00083,Premium
CUST00084,Regular
CUST00085,Enterprise
CUST00086,Regular
CUST00087,Regular
CUST00088,Budget
CUST00089,Regular
CUST00090,Enterprise
CUST00091,Enterprise
CUST00092,Regular
CUST00093,Regular
CUST00094,Regular
CUST00095,Regular
CUST00096,Premium
CUST00097,Regular
CUST00098,Regular
CUST00099,Premium
CUST00100,Regular
CUST00101,Enterprise
CUST00102,Regular
CUST00103,Premium
CUST00104,Regular
CUST00105,Enterprise
CUST00106,Regular
CUST00107,Budget
CUST00108,Budget
CUST00109,Regular
CUST00110,Budget
CUST00111,Regular
CUST00112,Regular
CUST00113,Regular
CUST00114,Regular
CUST00115,Premium
CUST00116,Budget
CUST00117,Regular
CUST00118,Regular
CUST00119,Premium
CUST00120,Regular
CUST00121,Budget
CUST00122,Premium
CUST00123,Regular
CUST00124,Regular
CUST00125,Regular
CUST00126,Regular
CUST00127,Budget
CUST00128,Regular
CUST00129,Enterprise
CUST00130,Premium
CUST00131,Regular
CUST00132,Premium
CUST00133,Enterprise
CUST00134,Budget
CUST00135,Regular
CUST00136,Budget
CUST00137,Budget
CUST00138,Regular
CUST00139,Regular
CUST00140,Regular
CUST00141,Premium
CUST00142,Budget
CUST00143,Enterprise
CUST00144,Regular
CUST00145,Regular
CUST00146,Regular
CUST00147,Budget
CUST00148,Budget
CUST00149,Budget
CUST00150,Budget
CUST00151,Regular
CUST00152,Premium
CUST00153,Regular
CUST00154,Budget
CUST00155,Regular
CUST00156,Premium
CUST00157,Premium
CUST00158,Budget
CUST00159,Premium
CUST00160,Regular
CUST00161,Regular
CUST00162,Budget
CUST00163,Budget
CUST00164,Regular
CUST00165,Budget
CUST00166,Regular
CUST00167,Regular
CUST00168,Budget
CUST00169,Regular
CUST00170,Budget
CUST00171,Budget
CUST00172,Regular
CUST00173,Premium
CUST00174,Regular
CUST00175,Regular
CUST00176,Regular
CUST00177,Enterprise
CUST00178,Regular
CUST00179,Budget
CUST00180,Regular
CUST00181,Budget
CUST00182,Regular
CUST00183,Regular
CUST00184,Regular
CUST00185,Regular
CUST00186,Budget
CUST00187,Regular
CUST00188,Premium
CUST00189,Regular
CUST00190,Regular
CUST00191,Enterprise
CUST00192,Enterprise
CUST00193,Enterprise
CUST00194,Regular
CUST00195,Premium
CUST00196,Enterprise
CUST00197,Regular
CUST00198,Enterprise
CUST00199,Enterprise
CUST00200,Budget
CUST00201,Regular
CUST00202,Regular
CUST00203,Budget
CUST00204,Regular
CUST00205,Regular
CUST00206,Regular
CUST00207,Enterprise
CUST00208,Budget
CUST00209,Regular
CUST00210,Premium
CUST00211,Regular
CUST00212,Enterprise
CUST00213,Premium
CUST00214,Regular
CUST00215,Budget
CUST00216,Budget
CUST00217,Budget
CUST00218,Budget
CUST00219,Regular
CUST00220,Regular
CUST00221,Budget
CUST00222,Budget
CUST00223,Budget
CUST00224,Enterprise
CUST00225,Regular
CUST00226,Regular
CUST00227,Budget
CUST00228,Regular
CUST00229,Budget
CUST00230,Budget
CUST00231,Budget
CUST00232,Regular
CUST00233,Regular
CUST00234,Premium
CUST00235,Regular
CUST00236,Premium
CUST00237,Regular
CUST00238,Regular
CUST00239,Regular
CUST00240,Regular
CUST00241,Premium
CUST00242,Premium
CUST00243,Budget
CUST00244,Regular
CUST00245,Premium
CUST00246,Regular
CUST00247,Budget
CUST00248,Regular
CUST00249,Regular
CUST00250,Premium
CUST00251,Premium
CUST00252,Regular
CUST00253,Regular
CUST00254,Regular
CUST00255,Budget
CUST00256,Enterprise
CUST00257,Regular
CUST00258,Regular
CUST00259,Budget
CUST00260,Regular
CUST00261,Regular
CUST00262,Premium
CUST00263,Premium
CUST00264,Enterprise
CUST00265,Budget
CUST00266,Budget
CUST00267,Regular
CUST00268,Regular
CUST00269,Regular
CUST00270,Regular
CUST00271,Regular
CUST00272,Budget
CUST00273,Budget
CUST00274,Regular
CUST00275,Enterprise
CUST00276,Budget
CUST00277,Regular
CUST00278,Regular
CUST00279,Regular
CUST00280,Regular
CUST00281,Regular
CUST00282,Budget
CUST00283,Premium
CUST00284,Premium
CUST00285,Premium
CUST00286,Premium
CUST00287,Budget
CUST00288,Budget
CUST00289,Regular
CUST00290,Premium
CUST00291,Regular
CUST00292,Regular
CUST00293,Regular
CUST00294,Regular
CUST00295,Regular
CUST00296,Regular
CUST00297,Regular
CUST00298,Premium
CUST00299,Regular
CUST00300,Regular
CUST00301,Regular
CUST00302,Budget
CUST00303,Budget
CUST00304,Regular
CUST00305,Premium
CUST00306,Regular
CUST00307,Premium
CUST00308,Regular
CUST00309,Enterprise
CUST00310,Regular
CUST00311,Regular
CUST00312,Regular
CUST00313,Regular
CUST00314,Regular
CUST00315,Enterprise
CUST00316,Regular
CUST00317,Enterprise
CUST00318,Enterprise
CUST00319,Regular
CUST00320,Premium
CUST00321,Premium
CUST00322,Premium
CUST00323,Premium
CUST00324,Budget
CUST00325,Premium
CUST00326,Regular
CUST00327,Budget
CUST00328,Premium
CUST00329,Budget
CUST00330,Regular
CUST00331,Premium
CUST00332,Budget
CUST00333,Regular
CUST00334,Budget
CUST00335,Budget
CUST00336,Budget
CUST00337,Regular
CUST00338,Regular
CUST00339,Budget
CUST00340,Budget
CUST00341,Enterprise
CUST00342,Regular
CUST00343,Regular
CUST00344,Budget
CUST00345,Regular
CUST00346,Enterprise
CUST00347,Budget
CUST00348,Regular
CUST00349,Budget
CUST00350,Budget
CUST00351,Premium
CUST00352,Enterprise
CUST00353,Regular
CUST00354,Budget
CUST00355,Regular
CUST00356,Budget
CUST00357,Regular
CUST00358,Premium
CUST00359,Enterprise
CUST00360,Premium
CUST00361,Regular
CUST00362,Enterprise
CUST00363,Enterprise
CUST00364,Regular
CUST00365,Regular
CUST00366,Regular
CUST00367,Regular
CUST00368,Regular
CUST00369,Budget
CUST00370,Budget
CUST00371,Budget
CUST00372,Budget
CUST00373,Premium
CUST00374,Regular
CUST00375,Premium
CUST00376,Regular
CUST00377,Regular
CUST00378,Budget
CUST00379,Regular
CUST00380,Premium
CUST00381,Premium
CUST00382,Budget
CUST00383,Regular
CUST00384,Premium
CUST00385,Premium
CUST00386,Budget
CUST00387,Premium
CUST00388,Budget
CUST00389,Budget
CUST00390,Premium
CUST00391,Premium
CUST00392,Enterprise
CUST00393,Regular
CUST00394,Regular
CUST00395,Budget
CUST00396,Enterprise
CUST00397,Enterprise
CUST00398,Budget
CUST00399,Regular
CUST00400,Premium
CUST00401,Budget
CUST00402,Regular
CUST00403,Regular
CUST00404,Enterprise
CUST00405,Premium
CUST00406,Regular
CUST00407,Premium
CUST00408,Regular
CUST00409,Premium
CUST00410,Premium
CUST00411,Premium
CUST00412,Regular
CUST00413,Budget
CUST00414,Regular
CUST00415,Enterprise
CUST00416,Regular
CUST00417,Regular
CUST00418,Budget
CUST00419,Regular
CUST00420,Enterprise
CUST00421,Premium
CUST00422,Enterprise
CUST00423,Premium
CUST00424,Budget
CUST00425,Regular
CUST00426,Enterprise
CUST00427,Premium
CUST00428,Regular
CUST00429,Enterprise
CUST00430,Regular
CUST00431,Regular
CUST00432,Budget
CUST00433,Regular
CUST00434,Regular
CUST00435,Regular
CUST00436,Enterprise
CUST00437,Premium
CUST00438,Regular
CUST00439,Enterprise
CUST00440,Budget
CUST00441,Regular
CUST00442,Regular
CUST00443,Regular
CUST00444,Regular
CUST00445,Regular
CUST00446,Regular
CUST00447,Regular
CUST00448,Premium
CUST00449,Enterprise
CUST00450,Enterprise
CUST00451,Budget
CUST00452,Regular
CUST00453,Regular
CUST00454,Budget
CUST00455,Budget
CUST00456,Regular
CUST00457,Enterprise
CUST00458,Budget
CUST00459,Enterprise
CUST00460,Budget
CUST00461,Regular
CUST00462,Regular
CUST00463,Enterprise
CUST00464,Budget
CUST00465,Premium
CUST00466,Premium
CUST00467,Regular
CUST00468,Budget
CUST00469,Enterprise
CUST00470,Regular
CUST00471,Regular
CUST00472,Regular
CUST00473,Enterprise
CUST00474,Budget
CUST00475,Budget
CUST00476,Regular
CUST00477,Regular
CUST00478,Regular
CUST00479,Premium
CUST00480,Budget
CUST00481,Budget
CUST00482,Enterprise
CUST00483,Enterprise
CUST00484,Regular
CUST00485,Budget
CUST00486,Enterprise
CUST00487,Budget
CUST00488,Regular
CUST00489,Regular
CUST00490,Premium
CUST00491,Enterprise
CUST00492,Regular
CUST00493,Regular
CUST00494,Budget
CUST00495,Regular
CUST00496,Regular
CUST00497,Premium
CUST00498,Budget
CUST00499,Regular
CUST00500,Budget
CUST00501,Regular
CUST00502,Budget
CUST00503,Regular
CUST00504,Regular
CUST00505,Budget
CUST00506,Regular
CUST00507,Premium
CUST00508,Premium
CUST00509,Budget
CUST00510,Regular
CUST00511,Budget
CUST00512,Regular
CUST00513,Premium
CUST00514,Premium
CUST00515,Regular
CUST00516,Regular
CUST00517,Regular
CUST00518,Regular
CUST00519,Enterprise
CUST00520,Regular
CUST00521,Regular
CUST00522,Budget
CUST00523,Regular
CUST00524,Regular
CUST00525,Budget
CUST00526,Enterprise
CUST00527,Premium
CUST00528,Enterprise
CUST00529,Regular
CUST00530,Regular
CUST00531,Regular
CUST00532,Enterprise
CUST00533,Regular
CUST00534,Regular
CUST00535,Regular
CUST00536,Regular
CUST00537,Premium
CUST00538,Premium
CUST00539,Premium
CUST00540,Regular
CUST00541,Premium
CUST00542,Regular
CUST00543,Regular
CUST00544,Regular
CUST00545,Budget
CUST00546,Regular
CUST00547,Budget
CUST00548,Regular
CUST00549,Regular
CUST00550,Premium
CUST00551,Regular
CUST00552,Regular
CUST00553,Regular
CUST00554,Premium
CUST00555,Premium
CUST00556,Regular
CUST00557,Regular
CUST00558,Regular
CUST00559,Regular
CUST00560,Budget
CUST00561,Premium
CUST00562,Budget
CUST00563,Regular
CUST00564,Premium
CUST00565,Budget
CUST00566,Enterprise
CUST00567,Premium
CUST00568,Regular
CUST00569,Budget
CUST00570,Budget
CUST00571,Regular
CUST00572,Regular
CUST00573,Regular
CUST00574,Regular
CUST00575,Regular
CUST00576,Regular
CUST00577,Regular
CUST00578,Budget
CUST00579,Premium
CUST00580,Regular
CUST00581,Budget
CUST00582,Budget
CUST00583,Regular
CUST00584,Regular
CUST00585,Premium
CUST00586,Regular
CUST00587,Regular
CUST00588,Regular
CUST00589,Regular
CUST00590,Regular
CUST00591,Premium
CUST00592,Regular
CUST00593,Regular
CUST00594,Regular
CUST00595,Premium
CUST00596,Budget
CUST00597,Regular
CUST00598,Budget
CUST00599,Budget
CUST00600,Regular
CUST00601,Premium
CUST00602,Regular
CUST00603,Regular
CUST00604,Budget
CUST00605,Regular
CUST00606,Premium
CUST00607,Regular
CUST00608,Regular
CUST00609,Regular
CUST00610,Regular
CUST00611,Regular
CUST00612,Enterprise
CUST00613,Regular
CUST00614,Regular
CUST00615,Premium
CUST00616,Regular
CUST00617,Regular
CUST00618,Regular
CUST00619,Regular
CUST00620,Regular
CUST00621,Regular
CUST00622,Budget
CUST00623,Premium
CUST00624,Regular
CUST00625,Regular
CUST00626,Enterprise
CUST00627,Premium
CUST00628,Regular
CUST00629,Enterprise
CUST00630,Budget
CUST00631,Budget
CUST00632,Regular
CUST00633,Regular
CUST00634,Budget
CUST00635,Enterprise
CUST00636,Regular
CUST00637,Regular
CUST00638,Regular
CUST00639,Budget
CUST00640,Regular
CUST00641,Regular
CUST00642,Regular
CUST00643,Regular
CUST00644,Regular
CUST00645,Premium
CUST00646,Regular
CUST00647,Regular
CUST00648,Regular
CUST00649,Regular
CUST00650,Regular
CUST00651,Regular
CUST00652,Premium
CUST00653,Regular
CUST00654,Premium
CUST00655,Premium
CUST00656,Enterprise
CUST00657,Regular
CUST00658,Budget
CUST00659,Regular
CUST00660,Budget
CUST00661,Budget
CUST00662,Regular
CUST00663,Regular
CUST00664,Regular
CUST00665,Regular
CUST00666,Enterprise
CUST00667,Budget
CUST00668,Enterprise
CUST00669,Premium
CUST00670,Budget
CUST00671,Enterprise
CUST00672,Regular
CUST00673,Premium
CUST00674,Budget
CUST00675,Regular
CUST00676,Budget
CUST00677,Premium
CUST00678,Budget
CUST00679,Regular
CUST00680,Regular
CUST00681,Regular
CUST00682,Budget
CUST00683,Budget
CUST00684,Regular
CUST00685,Regular
CUST00686,Budget
CUST00687,Regular
CUST00688,Budget
CUST00689,Regular
CUST00690,Regular
CUST00691,Regular
CUST00692,Regular
CUST00693,Budget
CUST00694,Regular
CUST00695,Regular
CUST00696,Budget
CUST00697,Regular
CUST00698,Regular
CUST00699,Enterprise
CUST00700,Regular
CUST00701,Premium
CUST00702,Enterprise
CUST00703,Regular
CUST00704,Regular
CUST00705,Premium
CUST00706,Budget
CUST00707,Regular
CUST00708,Regular
CUST00709,Budget
CUST00710,Budget
CUST00711,Regular
CUST00712,Regular
CUST00713,Regular
CUST00714,Budget
CUST00715,Premium
CUST00716,Regular
CUST00717,Budget
CUST00718,Budget
CUST00719,Regular
CUST00720,Budget
CUST00721,Premium
CUST00722,Budget
CUST00723,Premium
CUST00724,Regular
CUST00725,Budget
CUST00726,Premium
CUST00727,Regular
CUST00728,Budget
CUST00729,Budget
CUST00730,Regular
CUST00731,Budget
CUST00732,Regular
CUST00733,Regular
CUST00734,Regular
CUST00735,Regular
CUST00736,Enterprise
CUST00737,Regular
CUST00738,Regular
CUST00739,Regular
CUST00740,Enterprise
CUST00741,Regular
CUST00742,Regular
CUST00743,Regular
CUST00744,Regular
CUST00745,Premium
CUST00746,Budget
CUST00747,Enterprise
CUST00748,Regular
CUST00749,Budget
CUST00750,Enterprise
CUST00751,Budget
CUST00752,Regular
CUST00753,Regular
CUST00754,Regular
CUST00755,Regular
CUST00756,Budget
CUST00757,Enterprise
CUST00758,Enterprise
CUST00759,Regular
CUST00760,Premium
CUST00761,Enterprise
CUST00762,Budget
CUST00763,Premium
CUST00764,Enterprise
CUST00765,Budget
CUST00766,Regular
CUST00767,Regular
CUST00768,Regular
CUST00769,Premium
CUST00770,Regular
CUST00771,Budget
CUST00772,Premium
CUST00773,Regular
CUST00774,Regular
CUST00775,Regular
CUST00776,Enterprise
CUST00777,Regular
CUST00778,Regular
CUST00779,Budget
CUST00780,Regular
CUST00781,Regular
CUST00782,Regular
CUST00783,Premium
CUST00784,Regular
CUST00785,Regular
CUST00786,Regular
CUST00787,Enterprise
CUST00788,Regular
CUST00789,Regular
CUST00790,Regular
CUST00791,Premium
CUST00792,Budget
CUST00793,Regular
CUST00794,Enterprise
CUST00795,Premium
CUST00796,Regular
CUST00797,Premium
CUST00798,Enterprise
CUST00799,Regular
CUST00800,Regular
CUST00801,Premium
CUST00802,Budget
CUST00803,Regular
CUST00804,Budget
CUST00805,Regular
CUST00806,Regular
CUST00807,Premium
CUST00808,Regular
CUST00809,Regular
CUST00810,Premium
CUST00811,Budget
CUST00812,Regular
CUST00813,Regular
CUST00814,Regular
CUST00815,Regular
CUST00816,Regular
CUST00817,Regular
CUST00818,Regular
CUST00819,Budget
CUST00820,Enterprise
CUST00821,Regular
CUST00822,Regular
CUST00823,Regular
CUST00824,Regular
CUST00825,Premium
CUST00826,Regular
CUST00827,Budget
CUST00828,Budget
CUST00829,Premium
CUST00830,Regular
CUST00831,Regular
CUST00832,Budget
CUST00833,Premium
CUST00834,Premium
CUST00835,Budget
CUST00836,Regular
CUST00837,Budget
CUST00838,Regular
CUST00839,Premium
CUST00840,Regular
CUST00841,Budget
CUST00842,Budget
CUST00843,Budget
CUST00844,Regular
CUST00845,Budget
CUST00846,Regular
CUST00847,Regular
CUST00848,Budget
CUST00849,Premium
CUST00850,Premium
CUST00851,Regular
CUST00852,Premium
CUST00853,Regular
CUST00854,Regular
CUST00855,Regular
CUST00856,Budget
CUST00857,Budget
CUST00858,Regular
CUST00859,Regular
CUST00860,Regular
CUST00861,Regular
CUST00862,Regular
CUST00863,Regular
CUST00864,Regular
CUST00865,Regular
CUST00866,Regular
CUST00867,Regular
CUST00868,Enterprise
CUST00869,Budget
CUST00870,Premium
CUST00871,Budget
CUST00872,Regular
CUST00873,Budget
CUST00874,Budget
CUST00875,Regular
CUST00876,Premium
CUST00877,Regular
CUST00878,Regular
CUST00879,Regular
CUST00880,Regular
CUST00881,Premium
CUST00882,Budget
CUST00883,Enterprise
CUST00884,Regular
CUST00885,Regular
CUST00886,Regular
CUST00887,Premium
CUST00888,Enterprise
CUST00889,Premium
CUST00890,Regular
CUST00891,Regular
CUST00892,Regular
CUST00893,Budget
CUST00894,Budget
CUST00895,Regular
CUST00896,Premium
CUST00897,Premium
CUST00898,Enterprise
CUST00899,Budget
CUST00900,Regular
CUST00901,Regular
CUST00902,Budget
CUST00903,Regular
CUST00904,Enterprise
CUST00905,Regular
CUST00906,Regular
CUST00907,Regular
CUST00908,Premium
CUST00909,Regular
CUST00910,Budget
CUST00911,Premium
CUST00912,Regular
CUST00913,Regular
CUST00914,Regular
CUST00915,Regular
CUST00916,Regular
CUST00917,Budget
CUST00918,Regular
CUST00919,Regular
CUST00920,Regular
CUST00921,Budget
CUST00922,Enterprise
CUST00923,Budget
CUST00924,Regular
CUST00925,Premium
CUST00926,Regular
CUST00927,Regular
CUST00928,Premium
CUST00929,Regular
CUST00930,Regular
CUST00931,Regular
CUST00932,Budget
CUST00933,Premium
CUST00934,Premium
CUST00935,Budget
CUST00936,Regular
CUST00937,Budget
CUST00938,Regular
CUST00939,Regular
CUST00940,Budget
CUST00941,Budget
CUST00942,Budget
CUST00943,Regular
CUST00944,Regular
CUST00945,Regular
CUST00946,Premium
CUST00947,Enterprise
CUST00948,Premium
CUST00949,Enterprise
CUST00950,Regular
CUST00951,Regular
CUST00952,Regular
CUST00953,Budget
CUST00954,Budget
CUST00955,Budget
CUST00956,Budget
CUST00957,Budget
CUST00958,Budget
CUST00959,Regular
CUST00960,Regular
CUST00961,Regular
CUST00962,Enterprise
CUST00963,Enterprise
CUST00964,Premium
CUST00965,Budget
CUST00966,Enterprise
CUST00967,Regular
CUST00968,Regular
CUST00969,Enterprise
CUST00970,Premium
CUST00971,Budget
CUST00972,Regular
CUST00973,Enterprise
CUST00974,Enterprise
CUST00975,Enterprise
CUST00976,Regular
CUST00977,Budget
CUST00978,Budget
CUST00979,Regular
CUST00980,Budget
CUST00981,Premium
CUST00982,Regular
CUST00983,Regular
CUST00984,Premium
CUST00985,Premium
CUST00986,Budget
CUST00987,Regular
CUST00988,Budget
CUST00989,Premium
CUST00990,Regular
CUST00991,Regular
CUST00992,Budget
CUST00993,Regular
CUST00994,Regular
CUST00995,Budget
CUST00996,Regular
CUST00997,Regular
CUST00998,Premium
CUST00999,Budget
CUST01000,Premium
CUST01001,Budget
CUST01002,Regular
CUST01003,Enterprise
CUST01004,Budget
CUST01005,Enterprise
CUST01006,Regular
CUST01007,Budget
CUST01008,Regular
CUST01009,Regular
CUST01010,Regular
CUST01011,Budget
CUST01012,Enterprise
CUST01013,Budget
CUST01014,Regular
CUST01015,Regular
CUST01016,Budget
CUST01017,Regular
CUST01018,Premium
CUST01019,Regular
CUST01020,Regular
CUST01021,Regular
CUST01022,Regular
CUST01023,Premium
CUST01024,Premium
CUST01025,Enterprise
CUST01026,Regular
CUST01027,Regular
CUST01028,Budget
CUST01029,Regular
CUST01030,Enterprise
CUST01031,Budget
CUST01032,Premium
CUST01033,Regular
CUST01034,Budget
CUST01035,Enterprise
CUST01036,Regular
CUST01037,Regular
CUST01038,Regular
CUST01039,Enterprise
CUST01040,Regular
CUST01041,Enterprise
CUST01042,Regular
CUST01043,Regular
CUST01044,Regular
CUST01045,Regular
CUST01046,Regular
CUST01047,Regular
CUST01048,Regular
CUST01049,Budget
CUST01050,Regular
CUST01051,Premium
CUST01052,Enterprise
CUST01053,Budget
CUST01054,Enterprise
CUST01055,Enterprise
CUST01056,Regular
CUST01057,Regular
CUST01058,Budget
CUST01059,Budget
CUST01060,Regular
CUST01061,Budget
CUST01062,Regular
CUST01063,Regular
CUST01064,Regular
CUST01065,Regular
CUST01066,Regular
CUST01067,Premium
CUST01068,Budget
CUST01069,Regular
CUST01070,Premium
CUST01071,Budget
CUST01072,Enterprise
CUST01073,Budget
CUST01074,Budget
CUST01075,Budget
CUST01076,Regular
CUST01077,Premium
CUST01078,Regular
CUST01079,Regular
CUST01080,Regular
CUST01081,Budget
CUST01082,Regular
CUST01083,Premium
CUST01084,Regular
CUST01085,Budget
CUST01086,Premium
CUST01087,Budget
CUST01088,Regular
CUST01089,Regular
CUST01090,Regular
CUST01091,Budget
CUST01092,Regular
CUST01093,Budget
CUST01094,Regular
CUST01095,Regular
CUST01096,Budget
CUST01097,Budget
CUST01098,Budget
CUST01099,Budget
CUST01100,Budget
CUST01101,Budget
CUST01102,Budget
CUST01103,Budget
CUST01104,Budget
CUST01105,Regular
CUST01106,Budget
CUST01107,Regular
CUST01108,Budget
CUST01109,Budget
CUST01110,Premium
CUST01111,Budget
CUST01112,Premium
CUST01113,Regular
CUST01114,Budget
CUST01115,Regular
CUST01116,Budget
CUST01117,Budget
CUST01118,Regular
CUST01119,Premium
CUST01120,Regular
CUST01121,Regular
CUST01122,Enterprise
CUST01123,Regular
CUST01124,Regular
CUST01125,Regular
CUST01126,Regular
CUST01127,Budget
CUST01128,Premium
CUST01129,Budget
CUST01130,Regular
CUST01131,Enterprise
CUST01132,Regular
CUST01133,Regular
CUST01134,Enterprise
CUST01135,Premium
CUST01136,Enterprise
CUST01137,Budget
CUST01138,Premium
CUST01139,Regular
CUST01140,Budget
CUST01141,Premium
CUST01142,Regular
CUST01143,Regular
CUST01144,Regular
CUST01145,Premium
CUST01146,Budget
CUST01147,Enterprise
CUST01148,Enterprise
CUST01149,Budget
CUST01150,Premium
CUST01151,Budget
CUST01152,Premium
CUST01153,Premium
CUST01154,Regular
CUST01155,Regular
CUST01156,Budget
CUST01157,Budget
CUST01158,Regular
CUST01159,Regular
CUST01160,Enterprise
CUST01161,Regular
CUST01162,Regular
CUST01163,Regular
CUST01164,Budget
CUST01165,Budget
CUST01166,Regular
CUST01167,Premium
CUST01168,Budget
CUST01169,Budget
CUST01170,Regular
CUST01171,Enterprise
CUST01172,Regular
CUST01173,Regular
CUST01174,Enterprise
CUST01175,Regular
CUST01176,Regular
CUST01177,Regular
CUST01178,Regular
CUST01179,Enterprise
CUST01180,Regular
CUST01181,Budget
CUST01182,Regular
CUST01183,Regular
CUST01184,Premium
CUST01185,Budget
CUST01186,Regular
CUST01187,Budget
CUST01188,Regular
CUST01189,Enterprise
CUST01190,Regular
CUST01191,Budget
CUST01192,Budget
CUST01193,Budget
CUST01194,Budget
CUST01195,Budget
CUST01196,Regular
CUST01197,Premium
CUST01198,Premium
CUST01199,Enterprise
CUST01200,Regular
CUST01201,Budget
CUST01202,Regular
CUST01203,Premium
CUST01204,Premium
CUST01205,Budget
CUST01206,Regular
CUST01207,Regular
CUST01208,Regular
CUST01209,Premium
CUST01210,Regular
CUST01211,Regular
CUST01212,Budget
CUST01213,Regular
CUST01214,Regular
CUST01215,Premium
CUST01216,Premium
CUST01217,Regular
CUST01218,Regular
CUST01219,Regular
CUST01220,Regular
CUST01221,Budget
CUST01222,Budget
CUST01223,Budget
CUST01224,Premium
CUST01225,Regular
CUST01226,Premium
CUST01227,Regular
CUST01228,Enterprise
CUST01229,Premium
CUST01230,Regular
CUST01231,Regular
CUST01232,Budget
CUST01233,Regular
CUST01234,Premium
CUST01235,Regular
CUST01236,Regular
CUST01237,Premium
CUST01238,Regular
CUST01239,Premium
CUST01240,Premium
CUST01241,Regular
CUST01242,Premium
CUST01243,Regular
CUST01244,Budget
CUST01245,Budget
CUST01246,Regular
CUST01247,Regular
CUST01248,Premium
CUST01249,Regular
CUST01250,Budget
CUST01251,Premium
CUST01252,Enterprise
CUST01253,Premium
CUST01254,Regular
CUST01255,Budget
CUST01256,Budget
CUST01257,Budget
CUST01258,Budget
CUST01259,Regular
CUST01260,Budget
CUST01261,Premium
CUST01262,Budget
CUST01263,Regular
CUST01264,Budget
CUST01265,Regular
CUST01266,Regular
CUST01267,Regular
CUST01268,Budget
CUST01269,Premium
CUST01270,Premium
CUST01271,Regular
CUST01272,Regular
CUST01273,Budget
CUST01274,Regular
CUST01275,Enterprise
CUST01276,Regular
CUST01277,Regular
CUST01278,Budget
CUST01279,Budget
CUST01280,Regular
CUST01281,Regular
CUST01282,Budget
CUST01283,Regular
CUST01284,Enterprise
CUST01285,Enterprise
CUST01286,Budget
CUST01287,Regular
CUST01288,Budget
CUST01289,Premium
CUST01290,Premium
CUST01291,Regular
CUST01292,Regular
CUST01293,Budget
CUST01294,Budget
CUST01295,Budget
CUST01296,Regular
CUST01297,Regular
CUST01298,Regular
CUST01299,Enterprise
CUST01300,Premium
CUST01301,Budget
CUST01302,Regular
CUST01303,Regular
CUST01304,Budget
CUST01305,Regular
CUST01306,Budget
CUST01307,Enterprise
CUST01308,Regular
CUST01309,Regular
CUST01310,Regular
CUST01311,Enterprise
CUST01312,Regular
CUST01313,Regular
CUST01314,Regular
CUST01315,Budget
CUST01316,Premium
CUST01317,Budget
CUST01318,Enterprise
CUST01319,Regular
CUST01320,Regular
CUST01321,Enterprise
CUST01322,Regular
CUST01323,Budget
CUST01324,Regular
CUST01325,Regular
CUST01326,Budget
CUST01327,Regular
CUST01328,Regular
CUST01329,Regular
CUST01330,Regular
CUST01331,Regular
CUST01332,Regular
CUST01333,Enterprise
CUST01334,Regular
CUST01335,Budget
CUST01336,Regular
CUST01337,Budget
CUST01338,Premium
CUST01339,Enterprise
CUST01340,Regular
CUST01341,Regular
CUST01342,Premium
CUST01343,Regular
CUST01344,Regular
CUST01345,Regular
CUST01346,Budget
CUST01347,Regular
CUST01348,Regular
CUST01349,Regular
CUST01350,Budget
CUST01351,Regular
CUST01352,Regular
CUST01353,Premium
CUST01354,Budget
CUST01355,Budget
CUST01356,Regular
CUST01357,Budget
CUST01358,Budget
CUST01359,Regular
CUST01360,Budget
CUST01361,Regular
CUST01362,Premium
CUST01363,Regular
CUST01364,Premium
CUST01365,Regular
CUST01366,Enterprise
CUST01367,Premium
CUST01368,Premium
CUST01369,Regular
CUST01370,Enterprise
CUST01371,Regular
CUST01372,Regular
CUST01373,Premium
CUST01374,Premium
CUST01375,Enterprise
CUST01376,Enterprise
CUST01377,Premium
CUST01378,Enterprise
CUST01379,Regular
CUST01380,Budget
CUST01381,Regular
CUST01382,Regular
CUST01383,Regular
CUST01384,Budget
CUST01385,Premium
CUST01386,Premium
CUST01387,Regular
CUST01388,Budget
CUST01389,Regular
CUST01390,Budget
CUST01391,Enterprise
CUST01392,Premium
CUST01393,Budget
CUST01394,Regular
CUST01395,Budget
CUST01396,Regular
CUST01397,Budget
CUST01398,Budget
CUST01399,Enterprise
CUST01400,Budget
CUST01401,Regular
CUST01402,Regular
CUST01403,Budget
CUST01404,Regular
CUST01405,Premium
CUST01406,Enterprise
CUST01407,Budget
CUST01408,Budget
CUST01409,Regular
CUST01410,Budget
CUST01411,Regular
CUST01412,Budget
CUST01413,Premium
CUST01414,Budget
CUST01415,Enterprise
CUST01416,Premium
CUST01417,Enterprise
CUST01418,Regular
CUST01419,Budget
CUST01420,Budget
CUST01421,Regular
CUST01422,Budget
CUST01423,Budget
CUST01424,Regular
CUST01425,Regular
CUST01426,Budget
CUST01427,Budget
CUST01428,Budget
CUST01429,Budget
CUST01430,Regular
CUST01431,Budget
CUST01432,Premium
CUST01433,Regular
CUST01434,Premium
CUST01435,Regular
CUST01436,Regular
CUST01437,Regular
CUST01438,Budget
CUST01439,Regular
CUST01440,Regular
CUST01441,Regular
CUST01442,Regular
CUST01443,Regular
CUST01444,Premium
CUST01445,Regular
CUST01446,Budget
CUST01447,Regular
CUST01448,Regular
CUST01449,Regular
CUST01450,Budget
CUST01451,Regular
CUST01452,Regular
CUST01453,Premium
CUST01454,Regular
CUST01455,Regular
CUST01456,Regular
CUST01457,Regular
CUST01458,Regular
CUST01459,Regular
CUST01460,Budget
CUST01461,Budget
CUST01462,Budget
CUST01463,Enterprise
CUST01464,Premium
CUST01465,Regular
CUST01466,Premium
CUST01467,Regular
CUST01468,Budget
CUST01469,Regular
CUST01470,Enterprise
CUST01471,Premium
CUST01472,Enterprise
CUST01473,Regular
CUST01474,Premium
CUST01475,Regular
CUST01476,Regular
CUST01477,Regular
CUST01478,Regular
CUST01479,Budget
CUST01480,Regular
CUST01481,Regular
CUST01482,Regular
CUST01483,Budget
CUST01484,Regular
CUST01485,Regular
CUST01486,Premium
CUST01487,Regular
CUST01488,Budget
CUST01489,Regular
CUST01490,Regular
CUST01491,Budget
CUST01492,Premium
CUST01493,Regular
CUST01494,Regular
CUST01495,Enterprise
CUST01496,Regular
CUST01497,Budget
CUST01498,Regular
CUST01499,Premium
CUST01500,Regular
CUST01501,Enterprise
CUST01502,Regular
CUST01503,Budget
CUST01504,Budget
CUST01505,Regular
CUST01506,Regular
CUST01507,Regular
CUST01508,Regular
CUST01509,Budget
CUST01510,Enterprise
CUST01511,Regular
CUST01512,Regular
CUST01513,Budget
CUST01514,Regular
CUST01515,Budget
CUST01516,Regular
CUST01517,Budget
CUST01518,Premium
CUST01519,Regular
CUST01520,Regular
CUST01521,Regular
CUST01522,Regular
CUST01523,Budget
CUST01524,Budget
CUST01525,Regular
CUST01526,Premium
CUST01527,Premium
CUST01528,Regular
CUST01529,Regular
CUST01530,Regular
CUST01531,Regular
CUST01532,Regular
CUST01533,Regular
CUST01534,Regular
CUST01535,Enterprise
CUST01536,Premium
CUST01537,Budget
CUST01538,Regular
CUST01539,Regular
CUST01540,Budget
CUST01541,Budget
CUST01542,Enterprise
CUST01543,Premium
CUST01544,Premium
CUST01545,Budget
CUST01546,Regular
CUST01547,Regular
CUST01548,Premium
CUST01549,Premium
CUST01550,Budget
CUST01551,Regular
CUST01552,Regular
CUST01553,Regular
CUST01554,Regular
CUST01555,Premium
CUST01556,Regular
CUST01557,Premium
CUST01558,Budget
CUST01559,Regular
CUST01560,Regular
CUST01561,Budget
CUST01562,Budget
CUST01563,Regular
CUST01564,Regular
CUST01565,Regular
CUST01566,Budget
CUST01567,Enterprise
CUST01568,Budget
CUST01569,Regular
CUST01570,Budget
CUST01571,Regular
CUST01572,Premium
CUST01573,Regular
CUST01574,Enterprise
CUST01575,Regular
CUST01576,Budget
CUST01577,Regular
CUST01578,Regular
CUST01579,Premium
CUST01580,Regular
CUST01581,Budget
CUST01582,Regular
CUST01583,Budget
CUST01584,Budget
CUST01585,Enterprise
CUST01586,Regular
CUST01587,Regular
CUST01588,Regular
CUST01589,Enterprise
CUST01590,Enterprise
CUST01591,Regular
CUST01592,Budget
CUST01593,Regular
CUST01594,Regular
CUST01595,Premium
CUST01596,Budget
CUST01597,Premium
CUST01598,Budget
CUST01599,Budget
CUST01600,Budget
CUST01601,Premium
CUST01602,Regular
CUST01603,Regular
CUST01604,Regular
CUST01605,Premium
CUST01606,Enterprise
CUST01607,Regular
CUST01608,Regular
CUST01609,Regular
CUST01610,Regular
CUST01611,Regular
CUST01612,Regular
CUST01613,Enterprise
CUST01614,Regular
CUST01615,Enterprise
CUST01616,Budget
CUST01617,Regular
CUST01618,Enterprise
CUST01619,Premium
CUST01620,Budget
CUST01621,Regular
CUST01622,Budget
CUST01623,Budget
CUST01624,Budget
CUST01625,Budget
CUST01626,Regular
CUST01627,Premium
CUST01628,Regular
CUST01629,Regular
CUST01630,Budget
CUST01631,Regular
CUST01632,Enterprise
CUST01633,Regular
CUST01634,Budget
CUST01635,Premium
CUST01636,Budget
CUST01637,Enterprise
CUST01638,Regular
CUST01639,Regular
CUST01640,Budget
CUST01641,Regular
CUST01642,Regular
CUST01643,Regular
CUST01644,Premium
CUST01645,Regular
CUST01646,Premium
CUST01647,Premium
CUST01648,Premium
CUST01649,Enterprise
CUST01650,Regular
CUST01651,Enterprise
CUST01652,Regular
CUST01653,Regular
CUST01654,Regular
CUST01655,Regular
CUST01656,Premium
CUST01657,Regular
CUST01658,Regular
CUST01659,Regular
CUST01660,Budget
CUST01661,Regular
CUST01662,Premium
CUST01663,Budget
CUST01664,Regular
CUST01665,Premium
CUST01666,Enterprise
CUST01667,Premium
CUST01668,Budget
CUST01669,Enterprise
CUST01670,Regular
CUST01671,Premium
CUST01672,Premium
CUST01673,Regular
CUST01674,Premium
CUST01675,Budget
CUST01676,Premium
CUST01677,Regular
CUST01678,Enterprise
CUST01679,Budget
CUST01680,Regular
CUST01681,Regular
CUST01682,Regular
CUST01683,Regular
CUST01684,Regular
CUST01685,Premium
CUST01686,Budget
CUST01687,Regular
CUST01688,Regular
CUST01689,Regular
CUST01690,Regular
CUST01691,Budget
CUST01692,Budget
CUST01693,Budget
CUST01694,Premium
CUST01695,Regular
CUST01696,Regular
CUST01697,Premium
CUST01698,Regular
CUST01699,Budget
CUST01700,Premium
CUST01701,Regular
CUST01702,Regular
CUST01703,Premium
CUST01704,Regular
CUST01705,Enterprise
CUST01706,Budget
CUST01707,Enterprise
CUST01708,Regular
CUST01709,Premium
CUST01710,Regular
CUST01711,Regular
CUST01712,Budget
CUST01713,Premium
CUST01714,Regular
CUST01715,Regular
CUST01716,Regular
CUST01717,Budget
CUST01718,Regular
CUST01719,Regular
CUST01720,Regular
CUST01721,Regular
CUST01722,Budget
CUST01723,Budget
CUST01724,Enterprise
CUST01725,Budget
CUST01726,Regular
CUST01727,Budget
CUST01728,Regular
CUST01729,Regular
CUST01730,Budget
CUST01731,Premium
CUST01732,Enterprise
CUST01733,Regular
CUST01734,Regular
CUST01735,Budget
CUST01736,Budget
CUST01737,Regular
CUST01738,Regular
CUST01739,Premium
CUST01740,Regular
CUST01741,Regular
CUST01742,Budget
CUST01743,Regular
CUST01744,Budget
CUST01745,Premium
CUST01746,Premium
CUST01747,Budget
CUST01748,Premium
CUST01749,Premium
CUST01750,Premium
CUST01751,Enterprise
CUST01752,Budget
CUST01753,Regular
CUST01754,Regular
CUST01755,Regular
CUST01756,Budget
CUST01757,Budget
CUST01758,Regular
CUST01759,Regular
CUST01760,Premium
CUST01761,Budget
CUST01762,Budget
CUST01763,Regular
CUST01764,Premium
CUST01765,Premium
CUST01766,Enterprise
CUST01767,Regular
CUST01768,Budget
CUST01769,Regular
CUST01770,Regular
CUST01771,Regular
CUST01772,Premium
CUST01773,Regular
CUST01774,Budget
CUST01775,Regular
CUST01776,Regular
CUST01777,Premium
CUST01778,Enterprise
CUST01779,Budget
CUST01780,Regular
CUST01781,Enterprise
CUST01782,Regular
CUST01783,Regular
CUST01784,Budget
CUST01785,Budget
CUST01786,Budget
CUST01787,Premium
CUST01788,Regular
CUST01789,Enterprise
CUST01790,Regular
CUST01791,Regular
CUST01792,Regular
CUST01793,Regular
CUST01794,Regular
CUST01795,Enterprise
CUST01796,Regular
CUST01797,Premium
CUST01798,Regular
CUST01799,Budget
CUST01800,Regular
CUST01801,Regular
CUST01802,Budget
CUST01803,Budget
CUST01804,Budget
CUST01805,Enterprise
CUST01806,Regular
CUST01807,Budget
CUST01808,Regular
CUST01809,Budget
CUST01810,Budget
CUST01811,Budget
CUST01812,Budget
CUST01813,Regular
CUST01814,Regular
CUST01815,Enterprise
CUST01816,Enterprise
CUST01817,Premium
CUST01818,Regular
CUST01819,Premium
CUST01820,Budget
CUST01821,Budget
CUST01822,Regular
CUST01823,Regular
CUST01824,Budget
CUST01825,Budget
CUST01826,Regular
CUST01827,Regular
CUST01828,Regular
CUST01829,Regular
CUST01830,Regular
CUST01831,Budget
CUST01832,Budget
CUST01833,Regular
CUST01834,Budget
CUST01835,Regular
CUST01836,Regular
CUST01837,Premium
CUST01838,Regular
CUST01839,Budget
CUST01840,Enterprise
CUST01841,Premium
CUST01842,Regular
CUST01843,Budget
CUST01844,Regular
CUST01845,Regular
CUST01846,Budget
CUST01847,Regular
CUST01848,Regular
CUST01849,Regular
CUST01850,Budget
CUST01851,Regular
CUST01852,Premium
CUST01853,Budget
CUST01854,Premium
CUST01855,Budget
CUST01856,Regular
CUST01857,Enterprise
CUST01858,Regular
CUST01859,Regular
CUST01860,Premium
CUST01861,Regular
CUST01862,Budget
CUST01863,Enterprise
CUST01864,Regular
CUST01865,Regular
CUST01866,Budget
CUST01867,Budget
CUST01868,Regular
CUST01869,Regular
CUST01870,Regular
CUST01871,Budget
CUST01872,Premium
CUST01873,Regular
CUST01874,Regular
CUST01875,Budget
CUST01876,Premium
CUST01877,Regular
CUST01878,Regular
CUST01879,Regular
CUST01880,Premium
CUST01881,Regular
CUST01882,Regular
CUST01883,Regular
CUST01884,Regular
CUST01885,Budget
CUST01886,Budget
CUST01887,Regular
CUST01888,Budget
CUST01889,Regular
CUST01890,Premium
CUST01891,Premium
CUST01892,Regular
CUST01893,Budget
CUST01894,Budget
CUST01895,Budget
CUST01896,Regular
CUST01897,Regular
CUST01898,Premium
CUST01899,Regular
CUST01900,Regular
CUST01901,Premium
CUST01902,Regular
CUST01903,Regular
CUST01904,Budget
CUST01905,Enterprise
CUST01906,Enterprise
CUST01907,Regular
CUST01908,Regular
CUST01909,Regular
CUST01910,Budget
CUST01911,Premium
CUST01912,Regular
CUST01913,Budget
CUST01914,Regular
CUST01915,Regular
CUST01916,Regular
CUST01917,Regular
CUST01918,Regular
CUST01919,Regular
CUST01920,Premium
CUST01921,Premium
CUST01922,Budget
CUST01923,Regular
CUST01924,Regular
CUST01925,Regular
CUST01926,Enterprise
CUST01927,Regular
CUST01928,Regular
CUST01929,Budget
CUST01930,Budget
CUST01931,Regular
CUST01932,Budget
CUST01933,Regular
CUST01934,Regular
CUST01935,Premium
CUST01936,Premium
CUST01937,Budget
CUST01938,Regular
CUST01939,Regular
CUST01940,Budget
CUST01941,Budget
CUST01942,Regular
CUST01943,Regular
CUST01944,Premium
CUST01945,Budget
CUST01946,Budget
CUST01947,Enterprise
CUST01948,Premium
CUST01949,Premium
CUST01950,Regular
CUST01951,Regular
CUST01952,Regular
CUST01953,Enterprise
CUST01954,Regular
CUST01955,Regular
CUST01956,Budget
CUST01957,Regular
CUST01958,Budget
CUST01959,Premium
CUST01960,Regular
CUST01961,Premium
CUST01962,Premium
CUST01963,Enterprise
CUST01964,Premium
CUST01965,Regular
CUST01966,Regular
CUST01967,Regular
CUST01968,Budget
CUST01969,Premium
CUST01970,Budget
CUST01971,Enterprise
CUST01972,Regular
CUST01973,Enterprise
CUST01974,Premium
CUST01975,Regular
CUST01976,Regular
CUST01977,Budget
CUST01978,Enterprise
CUST01979,Regular
CUST01980,Budget
CUST01981,Regular
CUST01982,Regular
CUST01983,Regular
CUST01984,Enterprise
CUST01985,Regular
CUST01986,Regular
CUST01987,Premium
CUST01988,Regular
CUST01989,Regular
CUST01990,Regular
CUST01991,Budget
CUST01992,Regular
CUST01993,Regular
CUST01994,Premium
CUST01995,Budget
CUST01996,Budget
CUST01997,Premium
CUST01998,Budget
CUST01999,Regular
CUST02000,Premium
CUST02001,Regular
CUST02002,Regular
CUST02003,Regular
CUST02004,Enterprise
CUST02005,Budget
CUST02006,Budget
CUST02007,Regular
CUST02008,Regular
CUST02009,Budget
CUST02010,Regular
CUST02011,Premium
CUST02012,Regular
CUST02013,Budget
CUST02014,Regular
CUST02015,Premium
CUST02016,Budget
CUST02017,Regular
CUST02018,Regular
CUST02019,Regular
CUST02020,Regular
CUST02021,Budget
CUST02022,Regular
CUST02023,Regular
CUST02024,Budget
CUST02025,Budget
CUST02026,Budget
CUST02027,Regular
CUST02028,Regular
CUST02029,Enterprise
CUST02030,Budget
CUST02031,Premium
CUST02032,Premium
CUST02033,Regular
CUST02034,Enterprise
CUST02035,Regular
CUST02036,Regular
CUST02037,Premium
CUST02038,Budget
CUST02039,Budget
CUST02040,Regular
CUST02041,Budget
CUST02042,Enterprise
CUST02043,Regular
CUST02044,Regular
CUST02045,Regular
CUST02046,Budget
CUST02047,Regular
CUST02048,Regular
CUST02049,Budget
CUST02050,Regular
CUST02051,Enterprise
CUST02052,Regular
CUST02053,Regular
CUST02054,Budget
CUST02055,Budget
CUST02056,Regular
CUST02057,Budget
CUST02058,Enterprise
CUST02059,Regular
CUST02060,Enterprise
CUST02061,Premium
CUST02062,Regular
CUST02063,Regular
CUST02064,Budget
CUST02065,Budget
CUST02066,Regular
CUST02067,Regular
CUST02068,Regular
CUST02069,Premium
CUST02070,Budget
CUST02071,Budget
CUST02072,Regular
CUST02073,Enterprise
CUST02074,Regular
CUST02075,Enterprise
CUST02076,Budget
CUST02077,Regular
CUST02078,Regular
CUST02079,Budget
CUST02080,Regular
CUST02081,Regular
CUST02082,Premium
CUST02083,Regular
CUST02084,Regular
CUST02085,Budget
CUST02086,Budget
CUST02087,Premium
CUST02088,Budget
CUST02089,Regular
CUST02090,Budget
CUST02091,Budget
CUST02092,Regular
CUST02093,Budget
CUST02094,Regular
CUST02095,Regular
CUST02096,Budget
CUST02097,Regular
CUST02098,Regular
CUST02099,Regular
CUST02100,Budget
CUST02101,Regular
CUST02102,Regular
CUST02103,Budget
CUST02104,Budget
CUST02105,Premium
CUST02106,Regular
CUST02107,Premium
CUST02108,Regular
CUST02109,Regular
CUST02110,Budget
CUST02111,Budget
CUST02112,Regular
CUST02113,Regular
CUST02114,Budget
CUST02115,Regular
CUST02116,Enterprise
CUST02117,Regular
CUST02118,Premium
CUST02119,Budget
CUST02120,Regular
CUST02121,Budget
CUST02122,Premium
CUST02123,Regular
CUST02124,Budget
CUST02125,Regular
CUST02126,Budget
CUST02127,Regular
CUST02128,Regular
CUST02129,Budget
CUST02130,Regular
CUST02131,Regular
CUST02132,Regular
CUST02133,Premium
CUST02134,Regular
CUST02135,Budget
CUST02136,Enterprise
CUST02137,Budget
CUST02138,Budget
CUST02139,Budget
CUST02140,Budget
CUST02141,Regular
CUST02142,Enterprise
CUST02143,Budget
CUST02144,Regular
CUST02145,Premium
CUST02146,Regular
CUST02147,Regular
CUST02148,Budget
CUST02149,Regular
CUST02150,Regular
CUST02151,Enterprise
CUST02152,Premium
CUST02153,Regular
CUST02154,Premium
CUST02155,Budget
CUST02156,Enterprise
CUST02157,Regular
CUST02158,Budget
CUST02159,Regular
CUST02160,Enterprise
CUST02161,Budget
CUST02162,Budget
CUST02163,Premium
CUST02164,Enterprise
CUST02165,Budget
CUST02166,Regular
CUST02167,Budget
CUST02168,Regular
CUST02169,Budget
CUST02170,Premium
CUST02171,Budget
CUST02172,Regular
CUST02173,Premium
CUST02174,Regular
CUST02175,Premium
CUST02176,Regular
CUST02177,Regular
CUST02178,Regular
CUST02179,Regular
CUST02180,Regular
CUST02181,Budget
CUST02182,Premium
CUST02183,Enterprise
CUST02184,Budget
CUST02185,Budget
CUST02186,Regular
CUST02187,Budget
CUST02188,Regular
CUST02189,Premium
CUST02190,Regular
CUST02191,Budget
CUST02192,Premium
CUST02193,Regular
CUST02194,Enterprise
CUST02195,Budget
CUST02196,Regular
CUST02197,Premium
CUST02198,Budget
CUST02199,Regular
CUST02200,Premium
CUST02201,Premium
CUST02202,Enterprise
CUST02203,Budget
CUST02204,Budget
CUST02205,Budget
CUST02206,Regular
CUST02207,Regular
CUST02208,Regular
CUST02209,Regular
CUST02210,Regular
CUST02211,Budget
CUST02212,Regular
CUST02213,Budget
CUST02214,Regular
CUST02215,Regular
CUST02216,Regular
CUST02217,Regular
CUST02218,Budget
CUST02219,Regular
CUST02220,Regular
CUST02221,Premium
CUST02222,Regular
CUST02223,Regular
CUST02224,Budget
CUST02225,Enterprise
CUST02226,Regular
CUST02227,Budget
CUST02228,Regular
CUST02229,Regular
CUST02230,Premium
CUST02231,Regular
CUST02232,Regular
CUST02233,Regular
CUST02234,Premium
CUST02235,Premium
CUST02236,Regular
CUST02237,Enterprise
CUST02238,Regular
CUST02239,Regular
CUST02240,Regular
CUST02241,Regular
CUST02242,Regular
CUST02243,Regular
CUST02244,Regular
CUST02245,Premium
CUST02246,Premium
CUST02247,Regular
CUST02248,Premium
CUST02249,Premium
CUST02250,Regular
CUST02251,Budget
CUST02252,Regular
CUST02253,Regular
CUST02254,Regular
CUST02255,Enterprise
CUST02256,Regular
CUST02257,Premium
CUST02258,Regular
CUST02259,Premium
CUST02260,Regular
CUST02261,Regular
CUST02262,Budget
CUST02263,Regular
CUST02264,Budget
CUST02265,Enterprise
CUST02266,Premium
CUST02267,Regular
CUST02268,Regular
CUST02269,Regular
CUST02270,Regular
CUST02271,Enterprise
CUST02272,Budget
CUST02273,Regular
CUST02274,Regular
CUST02275,Budget
CUST02276,Enterprise
CUST02277,Budget
CUST02278,Premium
CUST02279,Regular
CUST02280,Premium
CUST02281,Regular
CUST02282,Premium
CUST02283,Regular
CUST02284,Budget
CUST02285,Premium
CUST02286,Regular
CUST02287,Regular
CUST02288,Regular
CUST02289,Premium
CUST02290,Regular
CUST02291,Budget
CUST02292,Premium
CUST02293,Premium
CUST02294,Regular
CUST02295,Enterprise
CUST02296,Budget
CUST02297,Budget
CUST02298,Regular
CUST02299,Regular
CUST02300,Premium
CUST02301,Regular
CUST02302,Enterprise
CUST02303,Regular
CUST02304,Budget
CUST02305,Budget
CUST02306,Premium
CUST02307,Enterprise
CUST02308,Premium
CUST02309,Regular
CUST02310,Premium
CUST02311,Premium
CUST02312,Regular
CUST02313,Regular
CUST02314,Regular
CUST02315,Regular
CUST02316,Premium
CUST02317,Premium
CUST02318,Regular
CUST02319,Regular
CUST02320,Budget
CUST02321,Budget
CUST02322,Budget
CUST02323,Budget
CUST02324,Regular
CUST02325,Budget
CUST02326,Regular
CUST02327,Regular
CUST02328,Budget
CUST02329,Regular
CUST02330,Budget
CUST02331,Budget
CUST02332,Budget
CUST02333,Enterprise
CUST02334,Regular
CUST02335,Regular
CUST02336,Regular
CUST02337,Regular
CUST02338,Regular
CUST02339,Budget
CUST02340,Budget
CUST02341,Regular
CUST02342,Regular
CUST02343,Regular
CUST02344,Premium
CUST02345,Budget
CUST02346,Regular
CUST02347,Regular
CUST02348,Premium
CUST02349,Regular
CUST02350,Regular
CUST02351,Regular
CUST02352,Premium
CUST02353,Regular
CUST02354,Regular
CUST02355,Budget
CUST02356,Regular
CUST02357,Regular
CUST02358,Regular
CUST02359,Enterprise
CUST02360,Regular
CUST02361,Budget
CUST02362,Premium
CUST02363,Regular
CUST02364,Premium
CUST02365,Regular
CUST02366,Enterprise
CUST02367,Regular
CUST02368,Premium
CUST02369,Premium
CUST02370,Regular
CUST02371,Regular
CUST02372,Premium
CUST02373,Budget
CUST02374,Regular
CUST02375,Regular
CUST02376,Enterprise
CUST02377,Premium
CUST02378,Enterprise
CUST02379,Regular
CUST02380,Budget
CUST02381,Regular
CUST02382,Budget
CUST02383,Enterprise
CUST02384,Regular
CUST02385,Enterprise
CUST02386,Regular
CUST02387,Regular
CUST02388,Regular
CUST02389,Regular
CUST02390,Regular
CUST02391,Regular
CUST02392,Regular
CUST02393,Budget
CUST02394,Budget
CUST02395,Regular
CUST02396,Regular
CUST02397,Regular
CUST02398,Regular
CUST02399,Premium
CUST02400,Regular
CUST02401,Regular
CUST02402,Enterprise
CUST02403,Regular
CUST02404,Regular
CUST02405,Regular
CUST02406,Premium
CUST02407,Regular
CUST02408,Regular
CUST02409,Regular
CUST02410,Regular
CUST02411,Enterprise
CUST02412,Budget
CUST02413,Regular
CUST02414,Regular
CUST02415,Regular
CUST02416,Regular
CUST02417,Regular
CUST02418,Premium
CUST02419,Regular
CUST02420,Regular
CUST02421,Regular
CUST02422,Enterprise
CUST02423,Enterprise
CUST02424,Budget
CUST02425,Regular
CUST02426,Budget
CUST02427,Premium
CUST02428,Budget
CUST02429,Premium
CUST02430,Budget
CUST02431,Regular
CUST02432,Budget
CUST02433,Enterprise
CUST02434,Premium
CUST02435,Regular
CUST02436,Enterprise
CUST02437,Regular
CUST02438,Budget
CUST02439,Regular
CUST02440,Regular
CUST02441,Regular
CUST02442,Regular
CUST02443,Budget
CUST02444,Regular
CUST02445,Regular
CUST02446,Regular
CUST02447,Regular
CUST02448,Budget
CUST02449,Enterprise
CUST02450,Regular
CUST02451,Budget
CUST02452,Budget
CUST02453,Regular
CUST02454,Enterprise
CUST02455,Regular
CUST02456,Premium
CUST02457,Budget
CUST02458,Regular
CUST02459,Budget
CUST02460,Budget
CUST02461,Premium
CUST02462,Budget
CUST02463,Regular
CUST02464,Regular
CUST02465,Regular
CUST02466,Enterprise
CUST02467,Premium
CUST02468,Regular
CUST02469,Budget
CUST02470,Budget
CUST02471,Budget
CUST02472,Premium
CUST02473,Regular
CUST02474,Regular
CUST02475,Budget
CUST02476,Regular
CUST02477,Regular
CUST02478,Enterprise
CUST02479,Premium
CUST02480,Enterprise
CUST02481,Budget
CUST02482,Budget
CUST02483,Regular
CUST02484,Premium
CUST02485,Budget
CUST02486,Budget
CUST02487,Budget
CUST02488,Premium
CUST02489,Budget
CUST02490,Budget
CUST02491,Budget
CUST02492,Budget
CUST02493,Budget
CUST02494,Regular
CUST02495,Premium
CUST02496,Regular
CUST02497,Premium
CUST02498,Regular
CUST02499,Regular
CUST02500,Premium
CUST02501,Regular
CUST02502,Premium
CUST02503,Budget
CUST02504,Enterprise
CUST02505,Premium
CUST02506,Enterprise
CUST02507,Regular
CUST02508,Regular
CUST02509,Premium
CUST02510,Regular
CUST02511,Budget
CUST02512,Budget
CUST02513,Premium
CUST02514,Premium
CUST02515,Regular
CUST02516,Regular
CUST02517,Regular
CUST02518,Regular
CUST02519,Budget
CUST02520,Enterprise
CUST02521,Regular
CUST02522,Enterprise
CUST02523,Regular
CUST02524,Regular
CUST02525,Regular
CUST02526,Regular
CUST02527,Enterprise
CUST02528,Regular
CUST02529,Regular
CUST02530,Regular
CUST02531,Premium
CUST02532,Budget
CUST02533,Regular
CUST02534,Regular
CUST02535,Regular
CUST02536,Regular
CUST02537,Premium
CUST02538,Budget
CUST02539,Regular
CUST02540,Budget
CUST02541,Budget
CUST02542,Budget
CUST02543,Regular
CUST02544,Regular
CUST02545,Premium
CUST02546,Budget
CUST02547,Regular
CUST02548,Regular
CUST02549,Regular
CUST02550,Premium
CUST02551,Regular
CUST02552,Premium
CUST02553,Budget
CUST02554,Regular
CUST02555,Premium
CUST02556,Regular
CUST02557,Premium
CUST02558,Regular
CUST02559,Budget
CUST02560,Premium
CUST02561,Budget
CUST02562,Premium
CUST02563,Regular
CUST02564,Budget
CUST02565,Regular
CUST02566,Premium
CUST02567,Regular
CUST02568,Regular
CUST02569,Budget
CUST02570,Regular
CUST02571,Budget
CUST02572,Budget
CUST02573,Regular
CUST02574,Enterprise
CUST02575,Regular
CUST02576,Enterprise
CUST02577,Premium
CUST02578,Budget
CUST02579,Regular
CUST02580,Regular
CUST02581,Regular
CUST02582,Budget
CUST02583,Premium
CUST02584,Regular
CUST02585,Budget
CUST02586,Budget
CUST02587,Enterprise
CUST02588,Budget
CUST02589,Enterprise
CUST02590,Budget
CUST02591,Regular
CUST02592,Premium
CUST02593,Budget
CUST02594,Regular
CUST02595,Premium
CUST02596,Regular
CUST02597,Enterprise
CUST02598,Regular
CUST02599,Regular
CUST02600,Regular
CUST02601,Regular
CUST02602,Regular
CUST02603,Regular
CUST02604,Premium
CUST02605,Budget
CUST02606,Regular
CUST02607,Budget
CUST02608,Budget
CUST02609,Regular
CUST02610,Budget
CUST02611,Regular
CUST02612,Budget
CUST02613,Regular
CUST02614,Budget
CUST02615,Regular
CUST02616,Regular
CUST02617,Premium
CUST02618,Budget
CUST02619,Budget
CUST02620,Regular
CUST02621,Regular
CUST02622,Regular
CUST02623,Budget
CUST02624,Regular
CUST02625,Budget
CUST02626,Regular
CUST02627,Regular
CUST02628,Premium
CUST02629,Premium
CUST02630,Regular
CUST02631,Regular
CUST02632,Budget
CUST02633,Premium
CUST02634,Regular
CUST02635,Regular
CUST02636,Premium
CUST02637,Premium
CUST02638,Regular
CUST02639,Regular
CUST02640,Regular
CUST02641,Regular
CUST02642,Regular
CUST02643,Premium
CUST02644,Regular
CUST02645,Enterprise
CUST02646,Regular
CUST02647,Budget
CUST02648,Regular
CUST02649,Budget
CUST02650,Budget
CUST02651,Regular
CUST02652,Enterprise
CUST02653,Premium
CUST02654,Premium
CUST02655,Budget
CUST02656,Budget
CUST02657,Premium
CUST02658,Regular
CUST02659,Premium
CUST02660,Regular
CUST02661,Budget
CUST02662,Regular
CUST02663,Regular
CUST02664,Regular
CUST02665,Premium
CUST02666,Regular
CUST02667,Regular
CUST02668,Enterprise
CUST02669,Budget
CUST02670,Premium
CUST02671,Budget
CUST02672,Budget
CUST02673,Budget
CUST02674,Regular
CUST02675,Regular
CUST02676,Regular
CUST02677,Premium
CUST02678,Regular
CUST02679,Regular
CUST02680,Regular
CUST02681,Budget
CUST02682,Regular
CUST02683,Premium
CUST02684,Enterprise
CUST02685,Enterprise
CUST02686,Budget
CUST02687,Enterprise
CUST02688,Regular
CUST02689,Enterprise
CUST02690,Premium
CUST02691,Regular
CUST02692,Regular
CUST02693,Regular
CUST02694,Premium
CUST02695,Regular
CUST02696,Budget
CUST02697,Regular
CUST02698,Premium
CUST02699,Budget
CUST02700,Regular
CUST02701,Regular
CUST02702,Budget
CUST02703,Regular
CUST02704,Regular
CUST02705,Enterprise
CUST02706,Regular
CUST02707,Regular
CUST02708,Budget
CUST02709,Budget
CUST02710,Premium
CUST02711,Premium
CUST02712,Premium
CUST02713,Regular
CUST02714,Regular
CUST02715,Premium
CUST02716,Enterprise
CUST02717,Regular
CUST02718,Regular
CUST02719,Regular
CUST02720,Budget
CUST02721,Premium
CUST02722,Regular
CUST02723,Budget
CUST02724,Regular
CUST02725,Regular
CUST02726,Regular
CUST02727,Premium
CUST02728,Regular
CUST02729,Regular
CUST02730,Regular
CUST02731,Premium
CUST02732,Budget
CUST02733,Enterprise
CUST02734,Budget
CUST02735,Budget
CUST02736,Regular
CUST02737,Enterprise
CUST02738,Regular
CUST02739,Enterprise
CUST02740,Enterprise
CUST02741,Budget
CUST02742,Enterprise
CUST02743,Regular
CUST02744,Regular
CUST02745,Regular
CUST02746,Regular
CUST02747,Premium
CUST02748,Regular
CUST02749,Enterprise
CUST02750,Regular
CUST02751,Budget
CUST02752,Enterprise
CUST02753,Enterprise
CUST02754,Enterprise
CUST02755,Regular
CUST02756,Enterprise
CUST02757,Budget
CUST02758,Regular
CUST02759,Regular
CUST02760,Budget
CUST02761,Regular
CUST02762,Regular
CUST02763,Budget
CUST02764,Regular
CUST02765,Regular
CUST02766,Budget
CUST02767,Regular
CUST02768,Premium
CUST02769,Premium
CUST02770,Regular
CUST02771,Enterprise
CUST02772,Regular
CUST02773,Regular
CUST02774,Regular
CUST02775,Regular
CUST02776,Budget
CUST02777,Budget
CUST02778,Premium
CUST02779,Regular
CUST02780,Premium
CUST02781,Regular
CUST02782,Budget
CUST02783,Premium
CUST02784,Regular
CUST02785,Regular
CUST02786,Enterprise
CUST02787,Enterprise
CUST02788,Premium
CUST02789,Budget
CUST02790,Regular
CUST02791,Regular
CUST02792,Budget
CUST02793,Enterprise
CUST02794,Enterprise
CUST02795,Regular
CUST02796,Regular
CUST02797,Budget
CUST02798,Regular
CUST02799,Regular
CUST02800,Regular
CUST02801,Budget
CUST02802,Regular
CUST02803,Regular
CUST02804,Enterprise
CUST02805,Premium
CUST02806,Regular
CUST02807,Regular
CUST02808,Premium
CUST02809,Premium
CUST02810,Regular
CUST02811,Budget
CUST02812,Regular
CUST02813,Enterprise
CUST02814,Regular
CUST02815,Regular
CUST02816,Regular
CUST02817,Regular
CUST02818,Budget
CUST02819,Regular
CUST02820,Regular
CUST02821,Budget
CUST02822,Enterprise
CUST02823,Budget
CUST02824,Regular
CUST02825,Budget
CUST02826,Regular
CUST02827,Regular
CUST02828,Regular
CUST02829,Regular
CUST02830,Regular
CUST02831,Regular
CUST02832,Budget
CUST02833,Regular
CUST02834,Premium
CUST02835,Premium
CUST02836,Enterprise
CUST02837,Regular
CUST02838,Regular
CUST02839,Budget
CUST02840,Budget
CUST02841,Regular
CUST02842,Budget
CUST02843,Budget
CUST02844,Budget
CUST02845,Regular
CUST02846,Budget
CUST02847,Regular
CUST02848,Regular
CUST02849,Regular
CUST02850,Premium
CUST02851,Premium
CUST02852,Budget
CUST02853,Premium
CUST02854,Regular
CUST02855,Regular
CUST02856,Premium
CUST02857,Enterprise
CUST02858,Regular
CUST02859,Regular
CUST02860,Regular
CUST02861,Regular
CUST02862,Premium
CUST02863,Budget
CUST02864,Enterprise
CUST02865,Regular
CUST02866,Budget
CUST02867,Budget
CUST02868,Budget
CUST02869,Regular
CUST02870,Regular
CUST02871,Regular
CUST02872,Budget
CUST02873,Budget
CUST02874,Regular
CUST02875,Regular
CUST02876,Enterprise
CUST02877,Budget
CUST02878,Enterprise
CUST02879,Budget
CUST02880,Regular
CUST02881,Regular
CUST02882,Budget
CUST02883,Premium
CUST02884,Regular
CUST02885,Budget
CUST02886,Regular
CUST02887,Budget
CUST02888,Regular
CUST02889,Enterprise
CUST02890,Premium
CUST02891,Regular
CUST02892,Regular
CUST02893,Regular
CUST02894,Budget
CUST02895,Budget
CUST02896,Premium
CUST02897,Regular
CUST02898,Regular
CUST02899,Regular
CUST02900,Enterprise
CUST02901,Budget
CUST02902,Budget
CUST02903,Budget
CUST02904,Regular
CUST02905,Enterprise
CUST02906,Budget
CUST02907,Budget
CUST02908,Budget
CUST02909,Regular
CUST02910,Budget
CUST02911,Regular
CUST02912,Regular
CUST02913,Regular
CUST02914,Enterprise
CUST02915,Budget
CUST02916,Budget
CUST02917,Budget
CUST02918,Regular
CUST02919,Enterprise
CUST02920,Regular
CUST02921,Regular
CUST02922,Regular
CUST02923,Budget
CUST02924,Budget
CUST02925,Regular
CUST02926,Premium
CUST02927,Budget
CUST02928,Premium
CUST02929,Budget
CUST02930,Enterprise
CUST02931,Regular
CUST02932,Regular
CUST02933,Budget
CUST02934,Budget
CUST02935,Regular
CUST02936,Enterprise
CUST02937,Premium
CUST02938,Regular
CUST02939,Budget
CUST02940,Budget
CUST02941,Regular
CUST02942,Budget
CUST02943,Regular
CUST02944,Regular
CUST02945,Premium
CUST02946,Budget
CUST02947,Regular
CUST02948,Regular
CUST02949,Regular
CUST02950,Budget
CUST02951,Budget
CUST02952,Budget
CUST02953,Regular
CUST02954,Regular
CUST02955,Regular
CUST02956,Budget
CUST02957,Enterprise
CUST02958,Premium
CUST02959,Budget
CUST02960,Premium
CUST02961,Regular
CUST02962,Regular
CUST02963,Regular
CUST02964,Regular
CUST02965,Regular
CUST02966,Regular
CUST02967,Budget
CUST02968,Regular
CUST02969,Premium
CUST02970,Budget
CUST02971,Regular
CUST02972,Regular
CUST02973,Budget
CUST02974,Regular
CUST02975,Premium
CUST02976,Regular
CUST02977,Enterprise
CUST02978,Regular
CUST02979,Budget
CUST02980,Regular
CUST02981,Regular
CUST02982,Regular
CUST02983,Budget
CUST02984,Premium
CUST02985,Regular
CUST02986,Regular
CUST02987,Regular
CUST02988,Enterprise
CUST02989,Premium
CUST02990,Regular
CUST02991,Regular
CUST02992,Enterprise
CUST02993,Premium
CUST02994,Regular
CUST02995,Budget
CUST02996,Budget
CUST02997,Regular
CUST02998,Regular
CUST02999,Regular
CUST03000,Regular
CUST03001,Regular
CUST03002,Regular
CUST03003,Regular
CUST03004,Regular
CUST03005,Budget
CUST03006,Enterprise
CUST03007,Regular
CUST03008,Premium
CUST03009,Premium
CUST03010,Enterprise
CUST03011,Regular
CUST03012,Premium
CUST03013,Regular
CUST03014,Regular
CUST03015,Regular
CUST03016,Regular
CUST03017,Premium
CUST03018,Enterprise
CUST03019,Regular
CUST03020,Budget
CUST03021,Budget
CUST03022,Regular
CUST03023,Regular
CUST03024,Regular
CUST03025,Regular
CUST03026,Budget
CUST03027,Enterprise
CUST03028,Premium
CUST03029,Regular
CUST03030,Enterprise
CUST03031,Budget
CUST03032,Budget
CUST03033,Regular
CUST03034,Regular
CUST03035,Budget
CUST03036,Budget
CUST03037,Regular
CUST03038,Premium
CUST03039,Regular
CUST03040,Regular
CUST03041,Regular
CUST03042,Enterprise
CUST03043,Regular
CUST03044,Budget
CUST03045,Regular
CUST03046,Budget
CUST03047,Enterprise
CUST03048,Premium
CUST03049,Premium
CUST03050,Regular
CUST03051,Premium
CUST03052,Budget
CUST03053,Enterprise
CUST03054,Regular
CUST03055,Regular
CUST03056,Regular
CUST03057,Budget
CUST03058,Premium
CUST03059,Regular
CUST03060,Regular
CUST03061,Regular
CUST03062,Regular
CUST03063,Budget
CUST03064,Premium
CUST03065,Regular
CUST03066,Budget
CUST03067,Budget
CUST03068,Premium
CUST03069,Regular
CUST03070,Regular
CUST03071,Regular
CUST03072,Regular
CUST03073,Premium
CUST03074,Regular
CUST03075,Budget
CUST03076,Regular
CUST03077,Budget
CUST03078,Premium
CUST03079,Enterprise
CUST03080,Budget
CUST03081,Budget
CUST03082,Budget
CUST03083,Enterprise
CUST03084,Regular
CUST03085,Regular
CUST03086,Regular
CUST03087,Budget
CUST03088,Budget
CUST03089,Regular
CUST03090,Premium
CUST03091,Regular
CUST03092,Enterprise
CUST03093,Regular
CUST03094,Regular
CUST03095,Regular
CUST03096,Regular
CUST03097,Budget
CUST03098,Budget
CUST03099,Budget
CUST03100,Regular
CUST03101,Regular
CUST03102,Regular
CUST03103,Budget
CUST03104,Regular
CUST03105,Regular
CUST03106,Regular
CUST03107,Enterprise
CUST03108,Premium
CUST03109,Budget
CUST03110,Regular
CUST03111,Regular
CUST03112,Premium
CUST03113,Regular
CUST03114,Regular
CUST03115,Premium
CUST03116,Regular
CUST03117,Enterprise
CUST03118,Premium
CUST03119,Budget
CUST03120,Regular
CUST03121,Budget
CUST03122,Regular
CUST03123,Regular
CUST03124,Regular
CUST03125,Premium
CUST03126,Regular
CUST03127,Budget
CUST03128,Budget
CUST03129,Budget
CUST03130,Budget
CUST03131,Premium
CUST03132,Regular
CUST03133,Regular
CUST03134,Regular
CUST03135,Regular
CUST03136,Regular
CUST03137,Regular
CUST03138,Regular
CUST03139,Budget
CUST03140,Budget
CUST03141,Regular
CUST03142,Enterprise
CUST03143,Enterprise
CUST03144,Regular
CUST03145,Regular
CUST03146,Regular
CUST03147,Enterprise
CUST03148,Budget
CUST03149,Premium
CUST03150,Regular
CUST03151,Regular
CUST03152,Regular
CUST03153,Regular
CUST03154,Budget
CUST03155,Budget
CUST03156,Budget
CUST03157,Budget
CUST03158,Budget
CUST03159,Regular
CUST03160,Regular
CUST03161,Regular
CUST03162,Budget
CUST03163,Regular
CUST03164,Budget
CUST03165,Regular
CUST03166,Premium
CUST03167,Regular
CUST03168,Premium
CUST03169,Budget
CUST03170,Budget
CUST03171,Regular
CUST03172,Regular
CUST03173,Premium
CUST03174,Premium
CUST03175,Regular
CUST03176,Budget
CUST03177,Regular
CUST03178,Regular
CUST03179,Premium
CUST03180,Regular
CUST03181,Regular
CUST03182,Regular
CUST03183,Regular
CUST03184,Premium
CUST03185,Regular
CUST03186,Regular
CUST03187,Regular
CUST03188,Enterprise
CUST03189,Regular
CUST03190,Regular
CUST03191,Regular
CUST03192,Regular
CUST03193,Regular
CUST03194,Budget
CUST03195,Budget
CUST03196,Regular
CUST03197,Regular
CUST03198,Regular
CUST03199,Budget
CUST03200,Regular
CUST03201,Regular
CUST03202,Premium
CUST03203,Regular
CUST03204,Premium
CUST03205,Regular
CUST03206,Premium
CUST03207,Budget
CUST03208,Regular
CUST03209,Regular
CUST03210,Budget
CUST03211,Regular
CUST03212,Regular
CUST03213,Regular
CUST03214,Premium
CUST03215,Budget
CUST03216,Premium
CUST03217,Regular
CUST03218,Regular
CUST03219,Regular
CUST03220,Budget
CUST03221,Regular
CUST03222,Premium
CUST03223,Budget
CUST03224,Regular
CUST03225,Budget
CUST03226,Budget
CUST03227,Budget
CUST03228,Regular
CUST03229,Regular
CUST03230,Budget
CUST03231,Regular
CUST03232,Regular
CUST03233,Budget
CUST03234,Budget
CUST03235,Regular
CUST03236,Premium
CUST03237,Regular
CUST03238,Budget
CUST03239,Enterprise
CUST03240,Regular
CUST03241,Premium
CUST03242,Budget
CUST03243,Regular
CUST03244,Regular
CUST03245,Enterprise
CUST03246,Premium
CUST03247,Regular
CUST03248,Premium
CUST03249,Regular
CUST03250,Budget
CUST03251,Regular
CUST03252,Enterprise
CUST03253,Regular
CUST03254,Regular
CUST03255,Regular
CUST03256,Regular
CUST03257,Regular
CUST03258,Premium
CUST03259,Regular
CUST03260,Regular
CUST03261,Budget
CUST03262,Budget
CUST03263,Budget
CUST03264,Premium
CUST03265,Regular
CUST03266,Budget
CUST03267,Regular
CUST03268,Premium
CUST03269,Budget
CUST03270,Budget
CUST03271,Regular
CUST03272,Premium
CUST03273,Budget
CUST03274,Regular
CUST03275,Budget
CUST03276,Budget
CUST03277,Budget
CUST03278,Regular
CUST03279,Premium
CUST03280,Budget
CUST03281,Regular
CUST03282,Budget
CUST03283,Regular
CUST03284,Regular
CUST03285,Budget
CUST03286,Budget
CUST03287,Enterprise
CUST03288,Budget
CUST03289,Regular
CUST03290,Budget
CUST03291,Budget
CUST03292,Regular
CUST03293,Regular
CUST03294,Regular
CUST03295,Regular
CUST03296,Budget
CUST03297,Regular
CUST03298,Regular
CUST03299,Regular
CUST03300,Regular
CUST03301,Regular
CUST03302,Regular
CUST03303,Enterprise
CUST03304,Regular
CUST03305,Regular
CUST03306,Premium
CUST03307,Budget
CUST03308,Regular
CUST03309,Budget
CUST03310,Budget
CUST03311,Budget
CUST03312,Regular
CUST03313,Budget
CUST03314,Regular
CUST03315,Enterprise
CUST03316,Regular
CUST03317,Regular
CUST03318,Regular
CUST03319,Regular
CUST03320,Budget
CUST03321,Regular
CUST03322,Regular
CUST03323,Regular
CUST03324,Budget
CUST03325,Budget
CUST03326,Budget
CUST03327,Budget
CUST03328,Regular
CUST03329,Premium
CUST03330,Budget
CUST03331,Regular
CUST03332,Regular
CUST03333,Premium
CUST03334,Regular
CUST03335,Premium
CUST03336,Budget
CUST03337,Regular
CUST03338,Regular
CUST03339,Premium
CUST03340,Budget
CUST03341,Regular
CUST03342,Budget
CUST03343,Budget
CUST03344,Regular
CUST03345,Enterprise
CUST03346,Enterprise
CUST03347,Budget
CUST03348,Budget
CUST03349,Regular
CUST03350,Regular
CUST03351,Premium
CUST03352,Premium
CUST03353,Enterprise
CUST03354,Regular
CUST03355,Budget
CUST03356,Budget
CUST03357,Budget
CUST03358,Enterprise
CUST03359,Regular
CUST03360,Premium
CUST03361,Regular
CUST03362,Premium
CUST03363,Premium
CUST03364,Regular
CUST03365,Budget
CUST03366,Regular
CUST03367,Regular
CUST03368,Budget
CUST03369,Regular
CUST03370,Premium
CUST03371,Budget
CUST03372,Regular
CUST03373,Budget
CUST03374,Premium
CUST03375,Budget
CUST03376,Regular
CUST03377,Regular
CUST03378,Regular
CUST03379,Budget
CUST03380,Regular
CUST03381,Regular
CUST03382,Enterprise
CUST03383,Budget
CUST03384,Regular
CUST03385,Budget
CUST03386,Regular
CUST03387,Regular
CUST03388,Regular
CUST03389,Enterprise
CUST03390,Enterprise
CUST03391,Regular
CUST03392,Regular
CUST03393,Regular
CUST03394,Enterprise
CUST03395,Enterprise
CUST03396,Regular
CUST03397,Budget
CUST03398,Budget
CUST03399,Regular
CUST03400,Premium
CUST03401,Regular
CUST03402,Budget
CUST03403,Budget
CUST03404,Regular
CUST03405,Enterprise
CUST03406,Regular
CUST03407,Regular
CUST03408,Budget
CUST03409,Budget
CUST03410,Regular
CUST03411,Regular
CUST03412,Regular
CUST03413,Regular
CUST03414,Regular
CUST03415,Regular
CUST03416,Budget
CUST03417,Regular
CUST03418,Budget
CUST03419,Budget
CUST03420,Regular
CUST03421,Premium
CUST03422,Budget
CUST03423,Regular
CUST03424,Budget
CUST03425,Budget
CUST03426,Budget
CUST03427,Enterprise
CUST03428,Regular
CUST03429,Regular
CUST03430,Regular
CUST03431,Regular
CUST03432,Regular
CUST03433,Regular
CUST03434,Enterprise
CUST03435,Regular
CUST03436,Regular
CUST03437,Regular
CUST03438,Premium
CUST03439,Premium
CUST03440,Regular
CUST03441,Premium
CUST03442,Regular
CUST03443,Budget
CUST03444,Budget
CUST03445,Budget
CUST03446,Regular
CUST03447,Budget
CUST03448,Budget
CUST03449,Regular
CUST03450,Budget
CUST03451,Regular
CUST03452,Budget
CUST03453,Enterprise
CUST03454,Premium
CUST03455,Budget
CUST03456,Regular
CUST03457,Enterprise
CUST03458,Regular
CUST03459,Budget
CUST03460,Premium
CUST03461,Regular
CUST03462,Premium
CUST03463,Enterprise
CUST03464,Budget
CUST03465,Budget
CUST03466,Enterprise
CUST03467,Premium
CUST03468,Regular
CUST03469,Premium
CUST03470,Regular
CUST03471,Regular
CUST03472,Regular
CUST03473,Regular
CUST03474,Premium
CUST03475,Regular
CUST03476,Premium
CUST03477,Enterprise
CUST03478,Budget
CUST03479,Enterprise
CUST03480,Regular
CUST03481,Regular
CUST03482,Budget
CUST03483,Regular
CUST03484,Regular
CUST03485,Regular
CUST03486,Premium
CUST03487,Regular
CUST03488,Regular
CUST03489,Budget
CUST03490,Premium
CUST03491,Regular
CUST03492,Budget
CUST03493,Premium
CUST03494,Regular
CUST03495,Budget
CUST03496,Regular
CUST03497,Premium
CUST03498,Regular
CUST03499,Regular
CUST03500,Regular
CUST03501,Budget
CUST03502,Premium
CUST03503,Regular
CUST03504,Regular
CUST03505,Premium
CUST03506,Regular
CUST03507,Regular
CUST03508,Regular
CUST03509,Premium
CUST03510,Regular
CUST03511,Regular
CUST03512,Budget
CUST03513,Premium
CUST03514,Regular
CUST03515,Regular
CUST03516,Budget
CUST03517,Regular
CUST03518,Budget
CUST03519,Budget
CUST03520,Budget
CUST03521,Regular
CUST03522,Regular
CUST03523,Budget
CUST03524,Enterprise
CUST03525,Budget
CUST03526,Regular
CUST03527,Regular
CUST03528,Regular
CUST03529,Budget
CUST03530,Regular
CUST03531,Regular
CUST03532,Budget
CUST03533,Regular
CUST03534,Budget
CUST03535,Regular
CUST03536,Regular
CUST03537,Regular
CUST03538,Budget
CUST03539,Premium
CUST03540,Regular
CUST03541,Enterprise
CUST03542,Regular
CUST03543,Regular
CUST03544,Regular
CUST03545,Regular
CUST03546,Regular
CUST03547,Regular
CUST03548,Regular
CUST03549,Regular
CUST03550,Budget
CUST03551,Premium
CUST03552,Regular
CUST03553,Regular
CUST03554,Regular
CUST03555,Regular
CUST03556,Regular
CUST03557,Budget
CUST03558,Regular
CUST03559,Enterprise
CUST03560,Enterprise
CUST03561,Regular
CUST03562,Premium
CUST03563,Regular
CUST03564,Budget
CUST03565,Regular
CUST03566,Premium
CUST03567,Regular
CUST03568,Budget
CUST03569,Budget
CUST03570,Regular
CUST03571,Budget
CUST03572,Regular
CUST03573,Regular
CUST03574,Budget
CUST03575,Regular
CUST03576,Regular
CUST03577,Premium
CUST03578,Budget
CUST03579,Budget
CUST03580,Regular
CUST03581,Budget
CUST03582,Regular
CUST03583,Regular
CUST03584,Regular
CUST03585,Premium
CUST03586,Regular
CUST03587,Enterprise
CUST03588,Premium
CUST03589,Regular
CUST03590,Regular
CUST03591,Regular
CUST03592,Enterprise
CUST03593,Regular
CUST03594,Regular
CUST03595,Budget
CUST03596,Regular
CUST03597,Regular
CUST03598,Regular
CUST03599,Regular
CUST03600,Enterprise
CUST03601,Budget
CUST03602,Regular
CUST03603,Budget
CUST03604,Regular
CUST03605,Premium
CUST03606,Regular
CUST03607,Regular
CUST03608,Regular
CUST03609,Regular
CUST03610,Enterprise
CUST03611,Regular
CUST03612,Regular
CUST03613,Premium
CUST03614,Premium
CUST03615,Regular
CUST03616,Regular
CUST03617,Budget
CUST03618,Regular
CUST03619,Premium
CUST03620,Regular
CUST03621,Regular
CUST03622,Premium
CUST03623,Budget
CUST03624,Premium
CUST03625,Regular
CUST03626,Regular
CUST03627,Regular
CUST03628,Regular
CUST03629,Budget
CUST03630,Regular
CUST03631,Budget
CUST03632,Premium
CUST03633,Budget
CUST03634,Regular
CUST03635,Budget
CUST03636,Regular
CUST03637,Enterprise
CUST03638,Regular
CUST03639,Premium
CUST03640,Premium
CUST03641,Budget
CUST03642,Regular
CUST03643,Budget
CUST03644,Regular
CUST03645,Regular
CUST03646,Premium
CUST03647,Enterprise
CUST03648,Budget
CUST03649,Enterprise
CUST03650,Regular
CUST03651,Regular
CUST03652,Budget
CUST03653,Regular
CUST03654,Budget
CUST03655,Enterprise
CUST03656,Budget
CUST03657,Budget
CUST03658,Regular
CUST03659,Regular
CUST03660,Enterprise
CUST03661,Premium
CUST03662,Budget
CUST03663,Budget
CUST03664,Regular
CUST03665,Enterprise
CUST03666,Regular
CUST03667,Regular
CUST03668,Premium
CUST03669,Regular
CUST03670,Regular
CUST03671,Regular
CUST03672,Budget
CUST03673,Enterprise
CUST03674,Regular
CUST03675,Regular
CUST03676,Enterprise
CUST03677,Premium
CUST03678,Premium
CUST03679,Regular
CUST03680,Regular
CUST03681,Regular
CUST03682,Enterprise
CUST03683,Regular
CUST03684,Regular
CUST03685,Regular
CUST03686,Regular
CUST03687,Budget
CUST03688,Budget
CUST03689,Budget
CUST03690,Regular
CUST03691,Enterprise
CUST03692,Budget
CUST03693,Budget
CUST03694,Premium
CUST03695,Premium
CUST03696,Regular
CUST03697,Budget
CUST03698,Regular
CUST03699,Regular
CUST03700,Budget
CUST03701,Budget
CUST03702,Enterprise
CUST03703,Regular
CUST03704,Budget
CUST03705,Regular
CUST03706,Regular
CUST03707,Regular
CUST03708,Regular
CUST03709,Regular
CUST03710,Budget
CUST03711,Premium
CUST03712,Budget
CUST03713,Regular
CUST03714,Regular
CUST03715,Regular
CUST03716,Regular
CUST03717,Regular
CUST03718,Regular
CUST03719,Regular
CUST03720,Premium
CUST03721,Regular
CUST03722,Enterprise
CUST03723,Regular
CUST03724,Budget
CUST03725,Budget
CUST03726,Enterprise
CUST03727,Budget
CUST03728,Regular
CUST03729,Budget
CUST03730,Budget
CUST03731,Regular
CUST03732,Regular
CUST03733,Premium
CUST03734,Budget
CUST03735,Budget
CUST03736,Premium
CUST03737,Regular
CUST03738,Regular
CUST03739,Premium
CUST03740,Enterprise
CUST03741,Regular
CUST03742,Premium
CUST03743,Regular
CUST03744,Budget
CUST03745,Premium
CUST03746,Budget
CUST03747,Regular
CUST03748,Premium
CUST03749,Regular
CUST03750,Regular
CUST03751,Regular
CUST03752,Enterprise
CUST03753,Budget
CUST03754,Enterprise
CUST03755,Regular
CUST03756,Enterprise
CUST03757,Regular
CUST03758,Regular
CUST03759,Premium
CUST03760,Premium
CUST03761,Budget
CUST03762,Regular
CUST03763,Regular
CUST03764,Regular
CUST03765,Regular
CUST03766,Regular
CUST03767,Regular
CUST03768,Budget
CUST03769,Budget
CUST03770,Regular
CUST03771,Regular
CUST03772,Regular
CUST03773,Budget
CUST03774,Regular
CUST03775,Regular
CUST03776,Premium
CUST03777,Regular
CUST03778,Regular
CUST03779,Budget
CUST03780,Regular
CUST03781,Regular
CUST03782,Budget
CUST03783,Budget
CUST03784,Regular
CUST03785,Regular
CUST03786,Regular
CUST03787,Enterprise
CUST03788,Premium
CUST03789,Enterprise
CUST03790,Budget
CUST03791,Regular
CUST03792,Premium
CUST03793,Regular
CUST03794,Regular
CUST03795,Regular
CUST03796,Budget
CUST03797,Enterprise
CUST03798,Regular
CUST03799,Budget
CUST03800,Premium
CUST03801,Regular
CUST03802,Premium
CUST03803,Regular
CUST03804,Enterprise
CUST03805,Budget
CUST03806,Premium
CUST03807,Regular
CUST03808,Regular
CUST03809,Regular
CUST03810,Budget
CUST03811,Budget
CUST03812,Regular
CUST03813,Regular
CUST03814,Regular
CUST03815,Premium
CUST03816,Regular
CUST03817,Regular
CUST03818,Budget
CUST03819,Budget
CUST03820,Premium
CUST03821,Regular
CUST03822,Regular
CUST03823,Regular
CUST03824,Budget
CUST03825,Premium
CUST03826,Regular
CUST03827,Regular
CUST03828,Budget
CUST03829,Regular
CUST03830,Regular
CUST03831,Regular
CUST03832,Budget
CUST03833,Enterprise
CUST03834,Regular
CUST03835,Budget
CUST03836,Enterprise
CUST03837,Enterprise
CUST03838,Regular
CUST03839,Regular
CUST03840,Regular
CUST03841,Budget
CUST03842,Regular
CUST03843,Budget
CUST03844,Regular
CUST03845,Budget
CUST03846,Budget
CUST03847,Premium
CUST03848,Budget
CUST03849,Regular
CUST03850,Budget
CUST03851,Regular
CUST03852,Regular
CUST03853,Enterprise
CUST03854,Regular
CUST03855,Budget
CUST03856,Regular
CUST03857,Regular
CUST03858,Regular
CUST03859,Regular
CUST03860,Regular
CUST03861,Premium
CUST03862,Regular
CUST03863,Premium
CUST03864,Enterprise
CUST03865,Enterprise
CUST03866,Regular
CUST03867,Budget
CUST03868,Regular
CUST03869,Budget
CUST03870,Budget
CUST03871,Enterprise
CUST03872,Regular
CUST03873,Budget
CUST03874,Regular
CUST03875,Enterprise
CUST03876,Premium
CUST03877,Regular
CUST03878,Budget
CUST03879,Budget
CUST03880,Premium
CUST03881,Enterprise
CUST03882,Regular
CUST03883,Regular
CUST03884,Regular
CUST03885,Regular
CUST03886,Regular
CUST03887,Regular
CUST03888,Regular
CUST03889,Regular
CUST03890,Regular
CUST03891,Budget
CUST03892,Budget
CUST03893,Premium
CUST03894,Regular
CUST03895,Premium
CUST03896,Premium
CUST03897,Budget
CUST03898,Regular
CUST03899,Regular
CUST03900,Regular
CUST03901,Premium
CUST03902,Budget
CUST03903,Enterprise
CUST03904,Premium
CUST03905,Regular
CUST03906,Budget
CUST03907,Enterprise
CUST03908,Regular
CUST03909,Premium
CUST03910,Premium
CUST03911,Regular
CUST03912,Regular
CUST03913,Premium
CUST03914,Regular
CUST03915,Premium
CUST03916,Budget
CUST03917,Regular
CUST03918,Premium
CUST03919,Regular
CUST03920,Regular
CUST03921,Enterprise
CUST03922,Regular
CUST03923,Regular
CUST03924,Budget
CUST03925,Regular
CUST03926,Enterprise
CUST03927,Regular
CUST03928,Regular
CUST03929,Premium
CUST03930,Regular
CUST03931,Budget
CUST03932,Budget
CUST03933,Regular
CUST03934,Regular
CUST03935,Budget
CUST03936,Enterprise
CUST03937,Premium
CUST03938,Regular
CUST03939,Regular
CUST03940,Budget
CUST03941,Premium
CUST03942,Regular
CUST03943,Budget
CUST03944,Premium
CUST03945,Regular
CUST03946,Regular
CUST03947,Regular
CUST03948,Regular
CUST03949,Regular
CUST03950,Regular
CUST03951,Regular
CUST03952,Budget
CUST03953,Budget
CUST03954,Regular
CUST03955,Premium
CUST03956,Regular
CUST03957,Regular
CUST03958,Regular
CUST03959,Budget
CUST03960,Premium
CUST03961,Premium
CUST03962,Regular
CUST03963,Budget
CUST03964,Regular
CUST03965,Regular
CUST03966,Regular
CUST03967,Budget
CUST03968,Budget
CUST03969,Regular
CUST03970,Regular
CUST03971,Regular
CUST03972,Regular
CUST03973,Budget
CUST03974,Budget
CUST03975,Budget
CUST03976,Budget
CUST03977,Regular
CUST03978,Regular
CUST03979,Budget
CUST03980,Regular
CUST03981,Budget
CUST03982,Regular
CUST03983,Premium
CUST03984,Enterprise
CUST03985,Regular
CUST03986,Enterprise
CUST03987,Enterprise
CUST03988,Budget
CUST03989,Budget
CUST03990,Regular
CUST03991,Budget
CUST03992,Regular
CUST03993,Regular
CUST03994,Regular
CUST03995,Regular
CUST03996,Regular
CUST03997,Regular
CUST03998,Regular
CUST03999,Budget
CUST04000,Regular
CUST04001,Enterprise
CUST04002,Budget
CUST04003,Budget
CUST04004,Regular
CUST04005,Budget
CUST04006,Premium
CUST04007,Budget
CUST04008,Premium
CUST04009,Budget
CUST04010,Enterprise
CUST04011,Regular
CUST04012,Regular
CUST04013,Budget
CUST04014,Regular
CUST04015,Budget
CUST04016,Premium
CUST04017,Premium
CUST04018,Enterprise
CUST04019,Budget
CUST04020,Budget
CUST04021,Regular
CUST04022,Budget
CUST04023,Regular
CUST04024,Regular
CUST04025,Budget
CUST04026,Regular
CUST04027,Regular
CUST04028,Regular
CUST04029,Budget
CUST04030,Regular
CUST04031,Budget
CUST04032,Regular
CUST04033,Regular
CUST04034,Budget
CUST04035,Regular
CUST04036,Premium
CUST04037,Premium
CUST04038,Regular
CUST04039,Budget
CUST04040,Premium
CUST04041,Budget
CUST04042,Regular
CUST04043,Regular
CUST04044,Enterprise
CUST04045,Regular
CUST04046,Regular
CUST04047,Premium
CUST04048,Premium
CUST04049,Regular
CUST04050,Premium
CUST04051,Regular
CUST04052,Regular
CUST04053,Regular
CUST04054,Regular
CUST04055,Regular
CUST04056,Budget
CUST04057,Enterprise
CUST04058,Premium
CUST04059,Budget
CUST04060,Regular
CUST04061,Regular
CUST04062,Regular
CUST04063,Premium
CUST04064,Premium
CUST04065,Regular
CUST04066,Regular
CUST04067,Enterprise
CUST04068,Regular
CUST04069,Premium
CUST04070,Budget
CUST04071,Regular
CUST04072,Regular
CUST04073,Budget
CUST04074,Enterprise
CUST04075,Budget
CUST04076,Budget
CUST04077,Budget
CUST04078,Enterprise
CUST04079,Regular
CUST04080,Premium
CUST04081,Regular
CUST04082,Regular
CUST04083,Budget
CUST04084,Regular
CUST04085,Regular
CUST04086,Premium
CUST04087,Budget
CUST04088,Regular
CUST04089,Budget
CUST04090,Regular
CUST04091,Regular
CUST04092,Premium
CUST04093,Premium
CUST04094,Budget
CUST04095,Enterprise
CUST04096,Regular
CUST04097,Premium
CUST04098,Regular
CUST04099,Budget
CUST04100,Budget
CUST04101,Premium
CUST04102,Premium
CUST04103,Budget
CUST04104,Regular
CUST04105,Regular
CUST04106,Premium
CUST04107,Regular
CUST04108,Budget
CUST04109,Enterprise
CUST04110,Regular
CUST04111,Regular
CUST04112,Premium
CUST04113,Regular
CUST04114,Regular
CUST04115,Regular
CUST04116,Regular
CUST04117,Regular
CUST04118,Premium
CUST04119,Regular
CUST04120,Premium
CUST04121,Regular
CUST04122,Enterprise
CUST04123,Regular
CUST04124,Regular
CUST04125,Budget
CUST04126,Enterprise
CUST04127,Regular
CUST04128,Budget
CUST04129,Regular
CUST04130,Regular
CUST04131,Regular
CUST04132,Budget
CUST04133,Budget
CUST04134,Regular
CUST04135,Premium
CUST04136,Regular
CUST04137,Premium
CUST04138,Regular
CUST04139,Budget
CUST04140,Budget
CUST04141,Budget
CUST04142,Budget
CUST04143,Regular
CUST04144,Budget
CUST04145,Regular
CUST04146,Regular
CUST04147,Premium
CUST04148,Regular
CUST04149,Regular
CUST04150,Regular
CUST04151,Budget
CUST04152,Regular
CUST04153,Premium
CUST04154,Enterprise
CUST04155,Premium
CUST04156,Regular
CUST04157,Regular
CUST04158,Regular
CUST04159,Premium
CUST04160,Premium
CUST04161,Premium
CUST04162,Regular
CUST04163,Regular
CUST04164,Regular
CUST04165,Regular
CUST04166,Budget
CUST04167,Premium
CUST04168,Regular
CUST04169,Budget
CUST04170,Regular
CUST04171,Regular
CUST04172,Regular
CUST04173,Budget
CUST04174,Budget
CUST04175,Regular
CUST04176,Budget
CUST04177,Regular
CUST04178,Regular
CUST04179,Regular
CUST04180,Regular
CUST04181,Budget
CUST04182,Regular
CUST04183,Regular
CUST04184,Enterprise
CUST04185,Premium
CUST04186,Regular
CUST04187,Premium
CUST04188,Budget
CUST04189,Budget
CUST04190,Regular
CUST04191,Budget
CUST04192,Regular
CUST04193,Budget
CUST04194,Regular
CUST04195,Regular
CUST04196,Enterprise
CUST04197,Regular
CUST04198,Premium
CUST04199,Regular
CUST04200,Enterprise
CUST04201,Regular
CUST04202,Premium
CUST04203,Regular
CUST04204,Regular
CUST04205,Regular
CUST04206,Budget
CUST04207,Enterprise
CUST04208,Regular
CUST04209,Regular
CUST04210,Regular
CUST04211,Premium
CUST04212,Budget
CUST04213,Regular
CUST04214,Regular
CUST04215,Budget
CUST04216,Regular
CUST04217,Regular
CUST04218,Premium
CUST04219,Budget
CUST04220,Enterprise
CUST04221,Regular
CUST04222,Enterprise
CUST04223,Regular
CUST04224,Regular
CUST04225,Regular
CUST04226,Regular
CUST04227,Regular
CUST04228,Regular
CUST04229,Premium
CUST04230,Regular
CUST04231,Regular
CUST04232,Budget
CUST04233,Regular
CUST04234,Premium
CUST04235,Regular
CUST04236,Regular
CUST04237,Budget
CUST04238,Regular
CUST04239,Regular
CUST04240,Budget
CUST04241,Regular
CUST04242,Premium
CUST04243,Regular
CUST04244,Enterprise
CUST04245,Regular
CUST04246,Regular
CUST04247,Premium
CUST04248,Regular
CUST04249,Regular
CUST04250,Regular
CUST04251,Premium
CUST04252,Enterprise
CUST04253,Budget
CUST04254,Regular
CUST04255,Budget
CUST04256,Premium
CUST04257,Regular
CUST04258,Regular
CUST04259,Budget
CUST04260,Budget
CUST04261,Regular
CUST04262,Enterprise
CUST04263,Premium
CUST04264,Budget
CUST04265,Enterprise
CUST04266,Regular
CUST04267,Budget
CUST04268,Premium
CUST04269,Regular
CUST04270,Regular
CUST04271,Regular
CUST04272,Enterprise
CUST04273,Budget
CUST04274,Regular
CUST04275,Budget
CUST04276,Enterprise
CUST04277,Premium
CUST04278,Enterprise
CUST04279,Premium
CUST04280,Budget
CUST04281,Regular
CUST04282,Premium
CUST04283,Regular
CUST04284,Regular
CUST04285,Regular
CUST04286,Premium
CUST04287,Regular
CUST04288,Enterprise
CUST04289,Regular
CUST04290,Regular
CUST04291,Regular
CUST04292,Premium
CUST04293,Budget
CUST04294,Budget
CUST04295,Regular
CUST04296,Regular
CUST04297,Budget
CUST04298,Regular
CUST04299,Budget
CUST04300,Regular
CUST04301,Budget
CUST04302,Regular
CUST04303,Regular
CUST04304,Enterprise
CUST04305,Regular
CUST04306,Regular
CUST04307,Regular
CUST04308,Regular
CUST04309,Regular
CUST04310,Regular
CUST04311,Premium
CUST04312,Regular
CUST04313,Budget
CUST04314,Regular
CUST04315,Regular
CUST04316,Budget
CUST04317,Premium
CUST04318,Regular
CUST04319,Regular
CUST04320,Regular
CUST04321,Regular
CUST04322,Regular
CUST04323,Premium
CUST04324,Regular
CUST04325,Regular
CUST04326,Regular
CUST04327,Regular
CUST04328,Budget
CUST04329,Premium
CUST04330,Regular
CUST04331,Premium
CUST04332,Premium
CUST04333,Regular
CUST04334,Regular
CUST04335,Budget
CUST04336,Regular
CUST04337,Enterprise
CUST04338,Premium
CUST04339,Premium
CUST04340,Premium
CUST04341,Regular
CUST04342,Regular
CUST04343,Regular
CUST04344,Premium
CUST04345,Enterprise
CUST04346,Budget
CUST04347,Regular
CUST04348,Premium
CUST04349,Regular
CUST04350,Premium
CUST04351,Premium
CUST04352,Regular
CUST04353,Regular
CUST04354,Regular
CUST04355,Enterprise
CUST04356,Budget
CUST04357,Enterprise
CUST04358,Premium
CUST04359,Regular
CUST04360,Regular
CUST04361,Premium
CUST04362,Premium
CUST04363,Budget
CUST04364,Regular
CUST04365,Regular
CUST04366,Regular
CUST04367,Regular
CUST04368,Premium
CUST04369,Regular
CUST04370,Regular
CUST04371,Premium
CUST04372,Enterprise
CUST04373,Regular
CUST04374,Budget
CUST04375,Regular
CUST04376,Regular
CUST04377,Regular
CUST04378,Premium
CUST04379,Regular
CUST04380,Budget
CUST04381,Budget
CUST04382,Regular
CUST04383,Regular
CUST04384,Enterprise
CUST04385,Premium
CUST04386,Regular
CUST04387,Regular
CUST04388,Budget
CUST04389,Enterprise
CUST04390,Regular
CUST04391,Budget
CUST04392,Budget
CUST04393,Regular
CUST04394,Regular
CUST04395,Regular
CUST04396,Enterprise
CUST04397,Regular
CUST04398,Budget
CUST04399,Regular
CUST04400,Budget
CUST04401,Regular
CUST04402,Regular
CUST04403,Budget
CUST04404,Budget
CUST04405,Budget
CUST04406,Premium
CUST04407,Budget
CUST04408,Premium
CUST04409,Regular
CUST04410,Regular
CUST04411,Regular
CUST04412,Regular
CUST04413,Enterprise
CUST04414,Premium
CUST04415,Budget
CUST04416,Regular
CUST04417,Premium
CUST04418,Regular
CUST04419,Enterprise
CUST04420,Budget
CUST04421,Enterprise
CUST04422,Enterprise
CUST04423,Regular
CUST04424,Regular
CUST04425,Budget
CUST04426,Regular
CUST04427,Regular
CUST04428,Regular
CUST04429,Regular
CUST04430,Regular
CUST04431,Regular
CUST04432,Regular
CUST04433,Regular
CUST04434,Regular
CUST04435,Regular
CUST04436,Budget
CUST04437,Premium
CUST04438,Regular
CUST04439,Budget
CUST04440,Regular
CUST04441,Regular
CUST04442,Budget
CUST04443,Regular
CUST04444,Budget
CUST04445,Budget
CUST04446,Regular
CUST04447,Regular
CUST04448,Premium
CUST04449,Regular
CUST04450,Regular
CUST04451,Regular
CUST04452,Regular
CUST04453,Regular
CUST04454,Premium
CUST04455,Regular
CUST04456,Regular
CUST04457,Budget
CUST04458,Premium
CUST04459,Regular
CUST04460,Enterprise
CUST04461,Regular
CUST04462,Regular
CUST04463,Premium
CUST04464,Regular
CUST04465,Regular
CUST04466,Regular
CUST04467,Regular
CUST04468,Budget
CUST04469,Regular
CUST04470,Premium
CUST04471,Budget
CUST04472,Regular
CUST04473,Budget
CUST04474,Regular
CUST04475,Budget
CUST04476,Regular
CUST04477,Budget
CUST04478,Enterprise
CUST04479,Regular
CUST04480,Regular
CUST04481,Regular
CUST04482,Regular
CUST04483,Regular
CUST04484,Regular
CUST04485,Regular
CUST04486,Regular
CUST04487,Regular
CUST04488,Regular
CUST04489,Premium
CUST04490,Premium
CUST04491,Regular
CUST04492,Regular
CUST04493,Regular
CUST04494,Regular
CUST04495,Regular
CUST04496,Budget
CUST04497,Premium
CUST04498,Regular
CUST04499,Budget
CUST04500,Budget
CUST04501,Enterprise
CUST04502,Premium
CUST04503,Regular
CUST04504,Budget
CUST04505,Regular
CUST04506,Regular
CUST04507,Budget
CUST04508,Budget
CUST04509,Enterprise
CUST04510,Enterprise
CUST04511,Budget
CUST04512,Regular
CUST04513,Budget
CUST04514,Premium
CUST04515,Regular
CUST04516,Budget
CUST04517,Regular
CUST04518,Regular
CUST04519,Premium
CUST04520,Budget
CUST04521,Regular
CUST04522,Budget
CUST04523,Regular
CUST04524,Budget
CUST04525,Budget
CUST04526,Regular
CUST04527,Regular
CUST04528,Regular
CUST04529,Enterprise
CUST04530,Regular
CUST04531,Enterprise
CUST04532,Regular
CUST04533,Budget
CUST04534,Budget
CUST04535,Budget
CUST04536,Enterprise
CUST04537,Regular
CUST04538,Premium
CUST04539,Budget
CUST04540,Budget
CUST04541,Regular
CUST04542,Regular
CUST04543,Regular
CUST04544,Regular
CUST04545,Regular
CUST04546,Regular
CUST04547,Budget
CUST04548,Regular
CUST04549,Regular
CUST04550,Regular
CUST04551,Regular
CUST04552,Budget
CUST04553,Enterprise
CUST04554,Regular
CUST04555,Budget
CUST04556,Budget
CUST04557,Budget
CUST04558,Regular
CUST04559,Enterprise
CUST04560,Regular
CUST04561,Regular
CUST04562,Premium
CUST04563,Regular
CUST04564,Premium
CUST04565,Regular
CUST04566,Regular
CUST04567,Budget
CUST04568,Budget
CUST04569,Regular
CUST04570,Budget
CUST04571,Budget
CUST04572,Budget
CUST04573,Premium
CUST04574,Budget
CUST04575,Enterprise
CUST04576,Budget
CUST04577,Regular
CUST04578,Regular
CUST04579,Regular
CUST04580,Regular
CUST04581,Premium
CUST04582,Regular
CUST04583,Budget
CUST04584,Budget
CUST04585,Premium
CUST04586,Enterprise
CUST04587,Regular
CUST04588,Budget
CUST04589,Budget
CUST04590,Budget
CUST04591,Enterprise
CUST04592,Regular
CUST04593,Budget
CUST04594,Premium
CUST04595,Budget
CUST04596,Budget
CUST04597,Budget
CUST04598,Regular
CUST04599,Budget
CUST04600,Regular
CUST04601,Premium
CUST04602,Budget
CUST04603,Regular
CUST04604,Budget
CUST04605,Regular
CUST04606,Regular
CUST04607,Budget
CUST04608,Regular
CUST04609,Regular
CUST04610,Budget
CUST04611,Regular
CUST04612,Regular
CUST04613,Regular
CUST04614,Budget
CUST04615,Budget
CUST04616,Budget
CUST04617,Premium
CUST04618,Budget
CUST04619,Budget
CUST04620,Budget
CUST04621,Regular
CUST04622,Budget
CUST04623,Budget
CUST04624,Premium
CUST04625,Regular
CUST04626,Budget
CUST04627,Premium
CUST04628,Enterprise
CUST04629,Budget
CUST04630,Regular
CUST04631,Regular
CUST04632,Regular
CUST04633,Enterprise
CUST04634,Regular
CUST04635,Budget
CUST04636,Regular
CUST04637,Premium
CUST04638,Premium
CUST04639,Regular
CUST04640,Enterprise
CUST04641,Regular
CUST04642,Regular
CUST04643,Regular
CUST04644,Regular
CUST04645,Regular
CUST04646,Budget
CUST04647,Regular
CUST04648,Regular
CUST04649,Premium
CUST04650,Enterprise
CUST04651,Regular
CUST04652,Premium
CUST04653,Budget
CUST04654,Regular
CUST04655,Regular
CUST04656,Regular
CUST04657,Budget
CUST04658,Regular
CUST04659,Budget
CUST04660,Regular
CUST04661,Regular
CUST04662,Regular
CUST04663,Regular
CUST04664,Budget
CUST04665,Regular
CUST04666,Regular
CUST04667,Regular
CUST04668,Enterprise
CUST04669,Regular
CUST04670,Enterprise
CUST04671,Regular
CUST04672,Premium
CUST04673,Regular
CUST04674,Regular
CUST04675,Regular
CUST04676,Premium
CUST04677,Enterprise
CUST04678,Budget
CUST04679,Budget
CUST04680,Regular
CUST04681,Premium
CUST04682,Premium
CUST04683,Budget
CUST04684,Enterprise
CUST04685,Regular
CUST04686,Premium
CUST04687,Regular
CUST04688,Regular
CUST04689,Regular
CUST04690,Regular
CUST04691,Budget
CUST04692,Premium
CUST04693,Premium
CUST04694,Enterprise
CUST04695,Regular
CUST04696,Premium
CUST04697,Regular
CUST04698,Premium
CUST04699,Regular
CUST04700,Budget
CUST04701,Regular
CUST04702,Regular
CUST04703,Budget
CUST04704,Regular
CUST04705,Budget
CUST04706,Budget
CUST04707,Premium
CUST04708,Budget
CUST04709,Regular
CUST04710,Enterprise
CUST04711,Regular
CUST04712,Enterprise
CUST04713,Budget
CUST04714,Regular
CUST04715,Regular
CUST04716,Enterprise
CUST04717,Budget
CUST04718,Premium
CUST04719,Budget
CUST04720,Regular
CUST04721,Premium
CUST04722,Regular
CUST04723,Regular
CUST04724,Budget
CUST04725,Regular
CUST04726,Budget
CUST04727,Premium
CUST04728,Regular
CUST04729,Regular
CUST04730,Regular
CUST04731,Premium
CUST04732,Regular
CUST04733,Regular
CUST04734,Regular
CUST04735,Regular
CUST04736,Regular
CUST04737,Budget
CUST04738,Enterprise
CUST04739,Regular
CUST04740,Regular
CUST04741,Premium
CUST04742,Enterprise
CUST04743,Premium
CUST04744,Regular
CUST04745,Regular
CUST04746,Regular
CUST04747,Regular
CUST04748,Budget
CUST04749,Premium
CUST04750,Regular
CUST04751,Premium
CUST04752,Premium
CUST04753,Enterprise
CUST04754,Regular
CUST04755,Budget
CUST04756,Regular
CUST04757,Premium
CUST04758,Enterprise
CUST04759,Regular
CUST04760,Budget
CUST04761,Regular
CUST04762,Budget
CUST04763,Premium
CUST04764,Regular
CUST04765,Budget
CUST04766,Enterprise
CUST04767,Enterprise
CUST04768,Budget
CUST04769,Budget
CUST04770,Regular
CUST04771,Regular
CUST04772,Regular
CUST04773,Regular
CUST04774,Regular
CUST04775,Regular
CUST04776,Regular
CUST04777,Budget
CUST04778,Regular
CUST04779,Regular
CUST04780,Regular
CUST04781,Budget
CUST04782,Budget
CUST04783,Regular
CUST04784,Regular
CUST04785,Regular
CUST04786,Premium
CUST04787,Regular
CUST04788,Regular
CUST04789,Premium
CUST04790,Regular
CUST04791,Enterprise
CUST04792,Enterprise
CUST04793,Regular
CUST04794,Premium
CUST04795,Regular
CUST04796,Regular
CUST04797,Enterprise
CUST04798,Premium
CUST04799,Budget
CUST04800,Premium
CUST04801,Enterprise
CUST04802,Regular
CUST04803,Budget
CUST04804,Regular
CUST04805,Regular
CUST04806,Regular
CUST04807,Premium
CUST04808,Enterprise
CUST04809,Enterprise
CUST04810,Budget
CUST04811,Regular
CUST04812,Budget
CUST04813,Premium
CUST04814,Regular
CUST04815,Regular
CUST04816,Regular
CUST04817,Regular
CUST04818,Premium
CUST04819,Regular
CUST04820,Budget
CUST04821,Regular
CUST04822,Premium
CUST04823,Regular
CUST04824,Regular
CUST04825,Regular
CUST04826,Regular
CUST04827,Regular
CUST04828,Budget
CUST04829,Regular
CUST04830,Budget
CUST04831,Regular
CUST04832,Regular
CUST04833,Budget
CUST04834,Regular
CUST04835,Premium
CUST04836,Budget
CUST04837,Regular
CUST04838,Budget
CUST04839,Premium
CUST04840,Budget
CUST04841,Regular
CUST04842,Premium
CUST04843,Regular
CUST04844,Regular
CUST04845,Regular
CUST04846,Premium
CUST04847,Premium
CUST04848,Regular
CUST04849,Premium
CUST04850,Enterprise
CUST04851,Premium
CUST04852,Regular
CUST04853,Premium
CUST04854,Regular
CUST04855,Enterprise
CUST04856,Regular
CUST04857,Enterprise
CUST04858,Regular
CUST04859,Budget
CUST04860,Regular
CUST04861,Budget
CUST04862,Regular
CUST04863,Regular
CUST04864,Regular
CUST04865,Regular
CUST04866,Enterprise
CUST04867,Regular
CUST04868,Regular
CUST04869,Budget
CUST04870,Regular
CUST04871,Enterprise
CUST04872,Budget
CUST04873,Regular
CUST04874,Budget
CUST04875,Premium
CUST04876,Regular
CUST04877,Regular
CUST04878,Regular
CUST04879,Budget
CUST04880,Enterprise
CUST04881,Regular
CUST04882,Regular
CUST04883,Enterprise
CUST04884,Regular
CUST04885,Regular
CUST04886,Regular
CUST04887,Enterprise
CUST04888,Regular
CUST04889,Budget
CUST04890,Budget
CUST04891,Regular
CUST04892,Regular
CUST04893,Budget
CUST04894,Regular
CUST04895,Budget
CUST04896,Enterprise
CUST04897,Regular
CUST04898,Budget
CUST04899,Budget
CUST04900,Budget
CUST04901,Regular
CUST04902,Premium
CUST04903,Regular
CUST04904,Budget
CUST04905,Regular
CUST04906,Budget
CUST04907,Regular
CUST04908,Regular
CUST04909,Regular
CUST04910,Budget
CUST04911,Regular
CUST04912,Regular
CUST04913,Regular
CUST04914,Budget
CUST04915,Regular
CUST04916,Regular
CUST04917,Enterprise
CUST04918,Budget
CUST04919,Enterprise
CUST04920,Regular
CUST04921,Regular
CUST04922,Budget
CUST04923,Regular
CUST04924,Budget
CUST04925,Regular
CUST04926,Regular
CUST04927,Premium
CUST04928,Regular
CUST04929,Premium
CUST04930,Premium
CUST04931,Enterprise
CUST04932,Regular
CUST04933,Budget
CUST04934,Budget
CUST04935,Regular
CUST04936,Regular
CUST04937,Budget
CUST04938,Regular
CUST04939,Budget
CUST04940,Budget
CUST04941,Enterprise
CUST04942,Regular
CUST04943,Regular
CUST04944,Regular
CUST04945,Premium
CUST04946,Budget
CUST04947,Premium
CUST04948,Regular
CUST04949,Budget
CUST04950,Regular
CUST04951,Regular
CUST04952,Regular
CUST04953,Budget
CUST04954,Regular
CUST04955,Budget
CUST04956,Premium
CUST04957,Budget
CUST04958,Budget
CUST04959,Regular
CUST04960,Regular
CUST04961,Regular
CUST04962,Budget
CUST04963,Regular
CUST04964,Regular
CUST04965,Regular
CUST04966,Regular
CUST04967,Premium
CUST04968,Regular
CUST04969,Regular
CUST04970,Budget
CUST04971,Budget
CUST04972,Regular
CUST04973,Enterprise
CUST04974,Budget
CUST04975,Enterprise
CUST04976,Regular
CUST04977,Regular
CUST04978,Premium
CUST04979,Budget
CUST04980,Premium
CUST04981,Regular
CUST04982,Regular
CUST04983,Regular
CUST04984,Regular
CUST04985,Regular
CUST04986,Regular
CUST04987,Regular
CUST04988,Enterprise
CUST04989,Budget
CUST04990,Enterprise
CUST04991,Budget
CUST04992,Regular
CUST04993,Regular
CUST04994,Budget
CUST04995,Regular
CUST04996,Regular
CUST04997,Regular
CUST04998,Regular
CUST04999,Regular
CUST05000,Regular
